CUSTOMER_ID,FIRST_NAME,LAST_NAME,EMAIL_ADDRESS,GENDER,DEPARTMENT,JOB_TITLE,_row_
CUST49-7RP6,Ninetta,Follos,nfollos0@artisteer.com,Genderqueer,Support,Product Engineer,1
CUST13-5XP0,Normie,Bendare,nbendare1@godaddy.com,Non-binary,Accounting,Internal Auditor,2
CUST11-0SN2,Salomo,Bidgod,sbidgod2@ameblo.jp,Agender,Legal,Technical Writer,3
CUST90-6RI2,Phyllis,Baughen,pbaughen3@kickstarter.com,Male,Legal,VP Marketing,4
CUST75-4KW5,Ellis,Breming,ebreming4@bing.com,Female,Sales,Administrative Assistant II,5
CUST15-1VZ8,Wilburt,Inold,winold5@biglobe.ne.jp,Female,Marketing,GIS Technical Architect,6
CUST90-8JF0,Gunner,Sharplin,gsharplin6@icq.com,Genderqueer,Business Development,Nurse Practicioner,7
CUST42-8KD5,Kristen,Jillins,kjillins7@slashdot.org,Male,Research and Development,GIS Technical Architect,8
CUST53-3LZ6,Alameda,Pargent,apargent8@google.de,Male,Training,Internal Auditor,9
CUST47-7DS8,Bonny,Sail,bsail9@sciencedirect.com,Agender,Legal,Human Resources Manager,10
CUST98-8ED5,Gwenore,Girhard,ggirharda@walmart.com,Agender,Marketing,Senior Financial Analyst,11
CUST89-1SW0,Sharai,Moffat,smoffatb@un.org,Non-binary,Training,Desktop Support Technician,12
CUST48-4UR7,Karolina,Canaan,kcanaanc@free.fr,Agender,Accounting,Computer Systems Analyst III,13
CUST61-8QU1,Pavel,McGloughlin,pmcgloughlind@pinterest.com,Female,Services,Payment Adjustment Coordinator,14
CUST18-3AU3,Donnajean,Adney,dadneye@qq.com,Bigender,Business Development,Business Systems Development Analyst,15
CUST82-6MY5,Cesya,McCreery,cmccreeryf@umich.edu,Polygender,Research and Development,Cost Accountant,16
CUST93-9HD0,Athene,Garlick,agarlickg@uol.com.br,Non-binary,Support,Software Test Engineer II,17
CUST85-3WP2,Mirabelle,Grollmann,mgrollmannh@msu.edu,Polygender,Accounting,Pharmacist,18
CUST38-3QS9,Michell,Durkin,mdurkini@usda.gov,Non-binary,Product Management,Account Coordinator,19
CUST43-2NS9,Malachi,Chalke,mchalkej@tinyurl.com,Polygender,Services,Desktop Support Technician,20
CUST64-4JY2,Rachele,Brealey,rbrealeyk@sfgate.com,Polygender,Sales,Compensation Analyst,21
CUST66-4AE5,Kienan,Softley,ksoftleyl@ebay.com,Female,Marketing,Social Worker,22
CUST40-0LF5,Andras,Belverstone,abelverstonem@blogspot.com,Male,Support,Accounting Assistant III,23
CUST98-9DF5,Garold,Gilchriest,ggilchriestn@nyu.edu,Male,Business Development,Senior Developer,24
CUST72-0MX0,Ula,Passingham,upassinghamo@aboutads.info,Genderqueer,Accounting,Quality Engineer,25
CUST79-1SG4,Rochella,Cosin,rcosinp@chron.com,Non-binary,Business Development,Senior Sales Associate,26
CUST80-5FX0,Englebert,Ripley,eripleyq@msn.com,Non-binary,Business Development,Nurse Practicioner,27
CUST05-0GT5,Tobin,Memmory,tmemmoryr@infoseek.co.jp,Male,Accounting,Chemical Engineer,28
CUST80-3AW9,Pepi,Dutteridge,pdutteridges@huffingtonpost.com,Genderqueer,Marketing,Biostatistician II,29
CUST07-6CP0,Lion,Huster,lhustert@cdc.gov,Genderqueer,Research and Development,Nurse,30
CUST39-7QS5,Tessi,Knowler,tknowleru@slideshare.net,Genderqueer,Sales,Director of Sales,31
CUST75-6SV5,Tania,Tiptaft,ttiptaftv@wordpress.org,Polygender,Training,Payment Adjustment Coordinator,32
CUST03-4FP4,Iseabal,Gallagher,igallagherw@youku.com,Genderqueer,Product Management,Marketing Assistant,33
CUST45-0VZ4,Dennis,Dorkens,ddorkensx@dion.ne.jp,Genderqueer,Research and Development,Assistant Manager,34
CUST22-6MI4,Jacquenetta,Mazella,jmazellay@cloudflare.com,Polygender,Engineering,Junior Executive,35
CUST88-9WR9,Cammie,Plaskett,cplaskettz@nps.gov,Polygender,Accounting,Junior Executive,36
CUST17-1KW6,Micah,Astle,mastle10@opensource.org,Agender,Services,Senior Developer,37
CUST90-3XO3,Miranda,Forton,mforton11@umich.edu,Genderfluid,Accounting,Teacher,38
CUST43-1PX9,Lissa,Callaby,lcallaby12@jigsy.com,Genderfluid,Human Resources,Analog Circuit Design manager,39
CUST30-4CD1,Orsa,Duligall,oduligall13@blog.com,Male,Research and Development,Registered Nurse,40
CUST05-3KC0,Gregoor,Elsip,gelsip14@nbcnews.com,Bigender,Human Resources,Sales Associate,41
CUST31-1RY9,Pen,Drinkale,pdrinkale15@businesswire.com,Agender,Marketing,Research Associate,42
CUST37-8YL3,Benedikta,Dubock,bdubock16@mysql.com,Male,Human Resources,Chief Design Engineer,43
CUST76-8PC1,Leora,Feenan,lfeenan17@salon.com,Bigender,Research and Development,Internal Auditor,44
CUST14-1WT5,Bennie,Fullard,bfullard18@epa.gov,Polygender,Marketing,Quality Engineer,45
CUST19-4MV6,Slade,Walkey,swalkey19@smh.com.au,Non-binary,Training,Accounting Assistant I,46
CUST46-1KN1,Rhoda,Gaspar,rgaspar1a@sfgate.com,Agender,Research and Development,Social Worker,47
CUST26-7MJ2,Davie,Haskell,dhaskell1b@wufoo.com,Genderfluid,Services,Payment Adjustment Coordinator,48
CUST68-0WU0,Estele,Becaris,ebecaris1c@princeton.edu,Male,Engineering,Safety Technician III,49
CUST85-8BO6,Gherardo,Ellin,gellin1d@tiny.cc,Non-binary,Product Management,Web Designer III,50
CUST63-3YS2,Hermione,Blything,hblything1e@scribd.com,Polygender,Engineering,Nuclear Power Engineer,51
CUST72-3UK3,Derron,O'Dea,dodea1f@ning.com,Bigender,Marketing,Professor,52
CUST04-4IN3,Claudina,Redwood,credwood1g@harvard.edu,Genderfluid,Human Resources,Sales Representative,53
CUST93-1FU9,Gratia,Turbayne,gturbayne1h@diigo.com,Non-binary,Engineering,Computer Systems Analyst II,54
CUST81-4KX1,Brietta,Booth,bbooth1i@parallels.com,Genderfluid,Business Development,Office Assistant I,55
CUST34-3XO3,Tiler,Fruin,tfruin1j@shinystat.com,Genderfluid,Research and Development,Environmental Specialist,56
CUST06-8DB7,Padget,Bonar,pbonar1k@pcworld.com,Polygender,Legal,Web Designer III,57
CUST63-2QV7,Gert,Weatherhogg,gweatherhogg1l@google.ru,Agender,Accounting,Software Test Engineer II,58
CUST22-8TW5,Randee,Swanborough,rswanborough1m@deviantart.com,Female,Support,VP Accounting,59
CUST54-1HE1,Dode,Granleese,dgranleese1n@ucoz.com,Genderfluid,Research and Development,Sales Associate,60
CUST49-3QY5,Kalina,Anderson,kanderson1o@illinois.edu,Bigender,Legal,Cost Accountant,61
CUST31-2KK7,Ferguson,Brownstein,fbrownstein1p@shinystat.com,Genderfluid,Support,Chief Design Engineer,62
CUST62-8TI5,Robinson,Fairbairn,rfairbairn1q@nature.com,Bigender,Business Development,Teacher,63
CUST13-5UY7,Otho,Breakey,obreakey1r@icio.us,Polygender,Marketing,Data Coordiator,64
CUST19-3CZ8,Conrad,Kinlock,ckinlock1s@ucoz.com,Non-binary,Services,Accountant IV,65
CUST97-6NA3,Dominique,Grieswood,dgrieswood1t@google.com.br,Non-binary,Research and Development,Pharmacist,66
CUST60-0SK7,Sidney,Casaro,scasaro1u@github.com,Genderfluid,Product Management,Project Manager,67
CUST88-4GL4,Bernardine,Hallihane,bhallihane1v@oakley.com,Bigender,Accounting,Research Associate,68
CUST39-7KD3,Ryann,Kamenar,rkamenar1w@msu.edu,Non-binary,Marketing,Professor,69
CUST58-0ZB5,Humfrid,Rozenzweig,hrozenzweig1x@fotki.com,Genderqueer,Services,Assistant Manager,70
CUST64-2XG9,Selma,de Clerk,sdeclerk1y@xinhuanet.com,Non-binary,Business Development,Clinical Specialist,71
CUST39-8QC5,Waylen,Kmietsch,wkmietsch1z@webnode.com,Female,Services,Compensation Analyst,72
CUST38-1PU4,Rayshell,Markovic,rmarkovic20@webeden.co.uk,Genderfluid,Services,Quality Control Specialist,73
CUST26-6NV0,Reece,Sember,rsember21@yellowbook.com,Genderfluid,Product Management,Nurse Practicioner,74
CUST06-5LG1,Jonie,Clace,jclace22@bigcartel.com,Female,Accounting,Marketing Assistant,75
CUST07-9YL3,Vaclav,Smalman,vsmalman23@weebly.com,Agender,Training,Administrative Officer,76
CUST71-5GW7,Radcliffe,Mortell,rmortell24@ftc.gov,Genderqueer,Human Resources,Mechanical Systems Engineer,77
CUST17-9XD8,Peggi,Leil,pleil25@1688.com,Agender,Business Development,Director of Sales,78
CUST53-9AU4,Beilul,Snedker,bsnedker26@google.ru,Bigender,Marketing,Data Coordiator,79
CUST59-3EA6,Ancell,Gration,agration27@princeton.edu,Male,Product Management,VP Sales,80
CUST51-6ST1,Clayson,Hodcroft,chodcroft28@parallels.com,Genderfluid,Business Development,Engineer III,81
CUST32-2OC4,Adey,Mantione,amantione29@tamu.edu,Agender,Support,Programmer Analyst IV,82
CUST30-4ZS4,Tybi,Dibling,tdibling2a@icq.com,Female,Product Management,Social Worker,83
CUST83-2MH8,Darsey,Ollarenshaw,dollarenshaw2b@msu.edu,Genderqueer,Marketing,Business Systems Development Analyst,84
CUST39-2KX9,Henrik,Eseler,heseler2c@storify.com,Bigender,Accounting,Electrical Engineer,85
CUST78-4JV0,Murry,Raggitt,mraggitt2d@cbc.ca,Agender,Accounting,Help Desk Operator,86
CUST64-6LA4,Morissa,Garatty,mgaratty2e@census.gov,Female,Research and Development,Environmental Tech,87
CUST79-6RE2,Micheline,Tatteshall,mtatteshall2f@dion.ne.jp,Genderqueer,Product Management,Research Assistant III,88
CUST86-6ZT9,Benetta,Jimpson,bjimpson2g@unc.edu,Non-binary,Business Development,Internal Auditor,89
CUST17-5ZE8,Goddart,Leward,gleward2h@illinois.edu,Genderqueer,Support,Senior Developer,90
CUST77-8HE7,Modesta,Ceresa,mceresa2i@loc.gov,Male,Legal,Help Desk Operator,91
CUST48-7SK5,Nessi,Gauthorpp,ngauthorpp2j@washington.edu,Genderfluid,Marketing,Automation Specialist III,92
CUST20-5XC0,Yvonne,Efford,yefford2k@nasa.gov,Bigender,Business Development,Sales Associate,93
CUST01-7KN9,Tony,MacMakin,tmacmakin2l@soundcloud.com,Genderfluid,Engineering,Technical Writer,94
CUST35-1EZ9,Donelle,Petraitis,dpetraitis2m@desdev.cn,Non-binary,Human Resources,Research Nurse,95
CUST08-7OK5,Warner,Cescot,wcescot2n@homestead.com,Genderfluid,Engineering,VP Quality Control,96
CUST28-7YW5,Torey,Baudinot,tbaudinot2o@mac.com,Female,Training,Mechanical Systems Engineer,97
CUST41-0CQ7,Doug,De Wolfe,ddewolfe2p@google.com.br,Non-binary,Business Development,Nurse,98
CUST35-6VJ8,Dorolisa,Huleatt,dhuleatt2q@google.com,Genderfluid,Human Resources,Senior Sales Associate,99
CUST97-4CE0,Verla,Bilby,vbilby2r@lycos.com,Agender,Services,Editor,100
CUST32-9VO7,Caterina,Brambill,cbrambill2s@latimes.com,Genderqueer,Marketing,Librarian,101
CUST58-5XF5,Estell,Gockeler,egockeler2t@mediafire.com,Polygender,Sales,Budget/Accounting Analyst III,102
CUST33-9XJ2,Mirelle,Bonafant,mbonafant2u@smugmug.com,Agender,Marketing,Chief Design Engineer,103
CUST48-6BU2,Myranda,O'Fairy,mofairy2v@theatlantic.com,Agender,Sales,Actuary,104
CUST73-0WY7,Leia,Jumel,ljumel2w@macromedia.com,Bigender,Research and Development,Structural Analysis Engineer,105
CUST36-3VD3,Ania,Jeromson,ajeromson2x@redcross.org,Non-binary,Accounting,Business Systems Development Analyst,106
CUST80-9PO2,Oran,Dankersley,odankersley2y@jimdo.com,Non-binary,Business Development,Developer II,107
CUST52-2FC7,Leonore,Brade,lbrade2z@fema.gov,Polygender,Research and Development,Research Assistant III,108
CUST13-0JQ1,Lusa,Coppard,lcoppard30@zimbio.com,Polygender,Support,Compensation Analyst,109
CUST61-4FQ1,Cassandre,Conlaund,cconlaund31@mac.com,Female,Business Development,Structural Analysis Engineer,110
CUST88-9MR5,Tomasina,Hennington,thennington32@live.com,Genderqueer,Human Resources,Senior Developer,111
CUST29-8DK4,Carny,Shew,cshew33@wsj.com,Non-binary,Training,Software Test Engineer I,112
CUST09-7YJ3,Jennica,Eat,jeat34@lycos.com,Polygender,Support,Occupational Therapist,113
CUST70-0UJ6,Sayre,Spadazzi,sspadazzi35@nhs.uk,Genderqueer,Services,Recruiter,114
CUST76-5DP4,Fredra,Totman,ftotman36@pcworld.com,Male,Marketing,Librarian,115
CUST54-9JH3,Magdalen,Felten,mfelten37@skyrock.com,Male,Legal,Senior Sales Associate,116
CUST63-2DP4,Yanaton,Shellsheere,yshellsheere38@columbia.edu,Female,Support,Senior Developer,117
CUST57-0NV3,Bradley,Hazleton,bhazleton39@census.gov,Bigender,Human Resources,Staff Scientist,118
CUST71-5NE7,Amye,Liddell,aliddell3a@craigslist.org,Female,Research and Development,Sales Associate,119
CUST64-1OG4,Engracia,Hounihan,ehounihan3b@elegantthemes.com,Polygender,Sales,Assistant Media Planner,120
CUST00-6LO5,Lura,Wishkar,lwishkar3c@ihg.com,Female,Product Management,GIS Technical Architect,121
CUST68-4TM0,Rad,Pettisall,rpettisall3d@livejournal.com,Non-binary,Human Resources,VP Sales,122
CUST13-0ZV2,Justen,Pero,jpero3e@goo.ne.jp,Bigender,Legal,Professor,123
CUST34-4AK9,Margalo,Deverock,mdeverock3f@w3.org,Genderqueer,Legal,Financial Analyst,124
CUST31-2XG1,Maxine,Hodcroft,mhodcroft3g@usa.gov,Bigender,Marketing,Accountant IV,125
CUST92-4JS4,Armstrong,Gregoli,agregoli3h@blog.com,Male,Human Resources,Systems Administrator II,126
CUST65-9GM9,Anet,Anchor,aanchor3i@networkadvertising.org,Genderfluid,Sales,Budget/Accounting Analyst II,127
CUST57-6GQ8,Blaire,Coker,bcoker3j@bbc.co.uk,Polygender,Training,Librarian,128
CUST79-7WU3,Pru,Kenyam,pkenyam3k@time.com,Bigender,Legal,Staff Accountant IV,129
CUST72-0RC5,Nehemiah,Plowman,nplowman3l@google.it,Non-binary,Legal,Data Coordiator,130
CUST68-5DP2,Korey,Kivell,kkivell3m@youku.com,Genderfluid,Human Resources,General Manager,131
CUST53-1AN6,Hersch,Blacksland,hblacksland3n@timesonline.co.uk,Genderfluid,Services,Civil Engineer,132
CUST37-4CG0,Vilhelmina,Bugg,vbugg3o@comsenz.com,Genderqueer,Product Management,Help Desk Technician,133
CUST34-7XF9,Vivi,Dennis,vdennis3p@bandcamp.com,Bigender,Support,Help Desk Technician,134
CUST46-7LC3,Lionel,Vanyashin,lvanyashin3q@blogtalkradio.com,Non-binary,Training,Community Outreach Specialist,135
CUST66-8CT7,Norbert,Ballin,nballin3r@tamu.edu,Genderqueer,Services,Speech Pathologist,136
CUST32-0RP8,Farrah,Tomasek,ftomasek3s@cbsnews.com,Agender,Marketing,VP Quality Control,137
CUST45-5FS2,Bond,Spatoni,bspatoni3t@drupal.org,Male,Legal,Assistant Manager,138
CUST23-0PZ0,Billie,Pilley,bpilley3u@psu.edu,Agender,Product Management,Analyst Programmer,139
CUST74-0XZ2,Orton,Winfindale,owinfindale3v@twitpic.com,Genderqueer,Sales,Nurse,140
CUST75-8CP4,Andrea,Knagges,aknagges3w@wunderground.com,Female,Accounting,Recruiter,141
CUST90-9GN8,Finlay,Nye,fnye3x@hostgator.com,Agender,Support,Payment Adjustment Coordinator,142
CUST53-2DR8,Martelle,Keniwell,mkeniwell3y@example.com,Agender,Engineering,Quality Control Specialist,143
CUST88-4RQ5,Mechelle,Lindstrom,mlindstrom3z@ifeng.com,Polygender,Marketing,Pharmacist,144
CUST68-2QL9,Paddie,Suffield,psuffield40@a8.net,Male,Services,Help Desk Operator,145
CUST78-9ML6,Perri,Chapier,pchapier41@csmonitor.com,Agender,Marketing,Technical Writer,146
CUST52-6UE5,Had,Plott,hplott42@netlog.com,Polygender,Services,Senior Editor,147
CUST35-1BR7,Erich,Darker,edarker43@feedburner.com,Genderqueer,Research and Development,Teacher,148
CUST55-2QW2,Hettie,Rofe,hrofe44@nydailynews.com,Male,Training,Web Developer I,149
CUST14-4MX8,Stern,Pelling,spelling45@ezinearticles.com,Female,Research and Development,Junior Executive,150
CUST22-7KT5,Roch,Cossor,rcossor46@dell.com,Non-binary,Product Management,Human Resources Manager,151
CUST63-5PT5,Leandra,Hollows,lhollows47@google.co.jp,Genderfluid,Product Management,Registered Nurse,152
CUST98-0GC6,Bridgette,Parell,bparell48@angelfire.com,Bigender,Training,Registered Nurse,153
CUST95-6YF6,Gary,Hutchings,ghutchings49@upenn.edu,Polygender,Training,Payment Adjustment Coordinator,154
CUST78-6HG1,Porty,Farquarson,pfarquarson4a@cbslocal.com,Female,Support,Physical Therapy Assistant,155
CUST77-6TY7,Rafferty,Dearle,rdearle4b@usnews.com,Polygender,Product Management,Biostatistician II,156
CUST62-8VK5,Robin,Sherringham,rsherringham4c@illinois.edu,Agender,Accounting,Assistant Media Planner,157
CUST14-8EJ0,Davina,Lawtie,dlawtie4d@nytimes.com,Genderfluid,Sales,Compensation Analyst,158
CUST77-2KN5,Sutherlan,Dundredge,sdundredge4e@vimeo.com,Non-binary,Business Development,General Manager,159
CUST85-2OD8,Heinrik,Zettler,hzettler4f@dion.ne.jp,Non-binary,Services,Chief Design Engineer,160
CUST25-0BY6,Davina,Goodding,dgoodding4g@parallels.com,Female,Training,Research Assistant I,161
CUST55-1LB1,Micki,Smallwood,msmallwood4h@pbs.org,Non-binary,Business Development,Speech Pathologist,162
CUST00-6YE8,Almira,Rabbet,arabbet4i@paypal.com,Female,Services,Human Resources Manager,163
CUST14-8PA2,Chico,Simioli,csimioli4j@fc2.com,Female,Engineering,Staff Scientist,164
CUST34-4CZ1,Chelsey,Gready,cgready4k@illinois.edu,Female,Engineering,Occupational Therapist,165
CUST12-7KG1,Honey,Flaunders,hflaunders4l@nationalgeographic.com,Bigender,Sales,Technical Writer,166
CUST15-3IP3,Gallard,Fursse,gfursse4m@yellowbook.com,Non-binary,Legal,VP Product Management,167
CUST97-8MQ9,Lay,Stapforth,lstapforth4n@google.de,Female,Human Resources,Product Engineer,168
CUST91-0ST9,Wallis,Colcomb,wcolcomb4o@vimeo.com,Female,Support,Account Representative IV,169
CUST92-2WC7,Kelbee,Tooker,ktooker4p@gravatar.com,Male,Support,Business Systems Development Analyst,170
CUST23-8WK3,Fanchette,Illiston,filliston4q@123-reg.co.uk,Polygender,Research and Development,Recruiter,171
CUST72-4SM8,Libbey,Heino,lheino4r@clickbank.net,Genderfluid,Sales,Assistant Media Planner,172
CUST18-8PZ3,Bruis,Folger,bfolger4s@gravatar.com,Non-binary,Services,Dental Hygienist,173
CUST99-1HC6,Jonie,Klagge,jklagge4t@google.ca,Genderfluid,Training,Software Engineer III,174
CUST07-3YZ2,Tye,Mendoza,tmendoza4u@marriott.com,Genderfluid,Product Management,Account Coordinator,175
CUST53-4XD8,Gianina,Ryott,gryott4v@accuweather.com,Agender,Business Development,Product Engineer,176
CUST98-6ZI9,Saudra,Sayce,ssayce4w@goo.gl,Male,Legal,Junior Executive,177
CUST18-0JT3,Warde,O'Connel,woconnel4x@mediafire.com,Agender,Training,Structural Analysis Engineer,178
CUST67-5KE7,Hugh,Gookey,hgookey4y@de.vu,Agender,Services,Administrative Assistant II,179
CUST14-8CP3,Dav,Cyster,dcyster4z@odnoklassniki.ru,Bigender,Research and Development,Computer Systems Analyst III,180
CUST81-2DM7,Sibbie,Bonifas,sbonifas50@illinois.edu,Polygender,Product Management,Engineer II,181
CUST69-9PR2,Linus,Recher,lrecher51@xinhuanet.com,Male,Engineering,Marketing Manager,182
CUST21-0NC5,Benyamin,Willox,bwillox52@etsy.com,Male,Product Management,Executive Secretary,183
CUST97-6HA1,Larissa,Perkins,lperkins53@liveinternet.ru,Agender,Human Resources,Chemical Engineer,184
CUST90-2CI1,Malinda,Castanie,mcastanie54@noaa.gov,Genderqueer,Marketing,General Manager,185
CUST95-4RB4,Lay,Mattioni,lmattioni55@mozilla.com,Polygender,Training,Quality Control Specialist,186
CUST74-7PE3,Lorrin,Ellery,lellery56@cocolog-nifty.com,Bigender,Engineering,Health Coach I,187
CUST34-7ME0,Tannie,Aylmer,taylmer57@wsj.com,Polygender,Training,Nuclear Power Engineer,188
CUST65-1SE3,Dana,Lafranconi,dlafranconi58@accuweather.com,Genderqueer,Product Management,Media Manager III,189
CUST11-9ZA0,Selle,Dumingos,sdumingos59@amazon.co.uk,Agender,Research and Development,Internal Auditor,190
CUST64-2TU4,Dal,Petru,dpetru5a@adobe.com,Agender,Training,Librarian,191
CUST03-3LT2,Gerhardt,Lopez,glopez5b@gravatar.com,Non-binary,Human Resources,Professor,192
CUST71-2YC9,Katherine,Marton,kmarton5c@nifty.com,Agender,Sales,Social Worker,193
CUST14-7JV5,Gusella,Beltzner,gbeltzner5d@google.nl,Genderfluid,Accounting,Help Desk Technician,194
CUST89-0AB9,Maia,Patching,mpatching5e@seattletimes.com,Polygender,Marketing,Assistant Media Planner,195
CUST28-5SO3,Babara,Kinforth,bkinforth5f@newyorker.com,Genderqueer,Human Resources,Financial Analyst,196
CUST19-6DZ3,Aggi,Brittlebank,abrittlebank5g@gmpg.org,Genderqueer,Marketing,Information Systems Manager,197
CUST23-3IP1,Wilie,Ruprecht,wruprecht5h@scribd.com,Agender,Product Management,Administrative Assistant III,198
CUST24-8EY0,Merna,Sighard,msighard5i@furl.net,Female,Product Management,Professor,199
CUST46-6KI5,Mabelle,Trelevan,mtrelevan5j@delicious.com,Male,Business Development,Associate Professor,200
CUST96-0CQ7,Georgine,Thurley,gthurley5k@over-blog.com,Male,Engineering,Internal Auditor,201
CUST02-8IA5,Dari,Ishak,dishak5l@cocolog-nifty.com,Polygender,Services,Office Assistant III,202
CUST51-9WD2,Coralie,Hanhard,chanhard5m@webs.com,Polygender,Support,Analyst Programmer,203
CUST91-4MZ8,Granville,Matissoff,gmatissoff5n@google.co.uk,Agender,Research and Development,Editor,204
CUST50-1KL2,Cleve,Karslake,ckarslake5o@tiny.cc,Non-binary,Sales,Executive Secretary,205
CUST82-1MJ2,Mahala,Davson,mdavson5p@ucoz.ru,Female,Business Development,Staff Scientist,206
CUST95-6MU3,Gilburt,Ginity,gginity5q@slate.com,Agender,Services,Analog Circuit Design manager,207
CUST29-7YS2,Valentin,Gwinn,vgwinn5r@plala.or.jp,Polygender,Business Development,Geological Engineer,208
CUST25-5KP4,Jeannine,Seman,jseman5s@odnoklassniki.ru,Bigender,Sales,Food Chemist,209
CUST96-0XW8,Gregg,Conway,gconway5t@stumbleupon.com,Genderfluid,Product Management,Human Resources Assistant II,210
CUST48-1WF0,Gracia,Alaway,galaway5u@seattletimes.com,Genderqueer,Business Development,Analog Circuit Design manager,211
CUST14-9HP2,Cullan,Bunt,cbunt5v@sitemeter.com,Genderfluid,Business Development,Sales Associate,212
CUST00-5ZU2,Hersch,Pollastro,hpollastro5w@reddit.com,Genderqueer,Training,Biostatistician III,213
CUST57-3MR4,Spense,Fishleigh,sfishleigh5x@washingtonpost.com,Non-binary,Support,Staff Accountant II,214
CUST82-1NT2,Everett,Annand,eannand5y@tinyurl.com,Bigender,Legal,Community Outreach Specialist,215
CUST88-9ET7,Rip,Traynor,rtraynor5z@wsj.com,Bigender,Support,Staff Scientist,216
CUST35-0EA6,Jacenta,Danzey,jdanzey60@google.co.uk,Genderfluid,Human Resources,Social Worker,217
CUST97-0LH0,Tabina,Rasper,trasper61@seattletimes.com,Agender,Accounting,Analog Circuit Design manager,218
CUST53-4BC1,Traci,De Cleyne,tdecleyne62@examiner.com,Female,Accounting,Quality Control Specialist,219
CUST97-2SD5,Paulita,Lipsett,plipsett63@hatena.ne.jp,Genderfluid,Training,Civil Engineer,220
CUST21-5BB0,Melba,Gerholz,mgerholz64@ca.gov,Agender,Engineering,Automation Specialist I,221
CUST52-7WO8,Gil,Bardnam,gbardnam65@netscape.com,Agender,Research and Development,Community Outreach Specialist,222
CUST01-8SV0,Daveen,Ashtonhurst,dashtonhurst66@spotify.com,Agender,Support,Analyst Programmer,223
CUST68-8WO3,Northrup,Spellman,nspellman67@so-net.ne.jp,Female,Training,Account Coordinator,224
CUST42-7TF6,Worthy,Kinch,wkinch68@jimdo.com,Genderqueer,Accounting,Research Nurse,225
CUST53-7WD0,Jorie,Calwell,jcalwell69@sohu.com,Bigender,Sales,Community Outreach Specialist,226
CUST87-4UV1,Gertrudis,Yter,gyter6a@cdc.gov,Genderqueer,Marketing,Environmental Specialist,227
CUST21-2CF8,Carin,Hawley,chawley6b@list-manage.com,Agender,Engineering,Dental Hygienist,228
CUST68-8HW3,Garfield,Cherrie,gcherrie6c@wisc.edu,Bigender,Sales,Account Coordinator,229
CUST99-3HN9,Camille,Bover,cbover6d@opensource.org,Polygender,Marketing,Administrative Assistant III,230
CUST48-5JP5,Jaquelin,Sushams,jsushams6e@posterous.com,Polygender,Sales,Staff Scientist,231
CUST21-8LW9,Dita,O'Dogherty,dodogherty6f@163.com,Polygender,Marketing,Web Designer I,232
CUST15-6AD0,Maurise,Aronovich,maronovich6g@ustream.tv,Female,Research and Development,Librarian,233
CUST73-6UL2,Kylila,Hamshere,khamshere6h@cyberchimps.com,Polygender,Research and Development,Budget/Accounting Analyst II,234
CUST19-3LI3,Adelaide,Ciccottio,aciccottio6i@spiegel.de,Non-binary,Support,Physical Therapy Assistant,235
CUST09-8RT1,Heall,Sims,hsims6j@wiley.com,Non-binary,Accounting,Geological Engineer,236
CUST69-5MH5,Cora,Desseine,cdesseine6k@domainmarket.com,Genderfluid,Training,Senior Developer,237
CUST79-7PA2,Aretha,Andras,aandras6l@ifeng.com,Female,Engineering,Accountant IV,238
CUST08-2XM5,Tiff,Durling,tdurling6m@furl.net,Female,Business Development,Quality Control Specialist,239
CUST48-6GT8,Dillie,Schoolcroft,dschoolcroft6n@jimdo.com,Genderqueer,Engineering,Human Resources Manager,240
CUST67-2TI0,Eleni,Cantopher,ecantopher6o@cisco.com,Bigender,Support,Administrative Officer,241
CUST63-7BJ7,Ailbert,Rathmell,arathmell6p@sitemeter.com,Female,Business Development,Civil Engineer,242
CUST33-2UX4,Pablo,McCotter,pmccotter6q@cmu.edu,Agender,Engineering,Community Outreach Specialist,243
CUST51-3DJ8,Annabella,Crummey,acrummey6r@umich.edu,Male,Product Management,Help Desk Technician,244
CUST62-3CR8,Nelle,Cradey,ncradey6s@harvard.edu,Genderqueer,Research and Development,Business Systems Development Analyst,245
CUST09-1QI9,Gusty,Alessandrini,galessandrini6t@digg.com,Polygender,Support,Assistant Professor,246
CUST16-7SR6,Godiva,Silcox,gsilcox6u@google.com,Bigender,Accounting,Senior Developer,247
CUST14-3HL3,Valida,Cowern,vcowern6v@weebly.com,Genderfluid,Services,Accountant III,248
CUST77-1TA1,Marrissa,Corbitt,mcorbitt6w@livejournal.com,Non-binary,Engineering,Web Developer III,249
CUST95-9VI1,Audry,O'Teague,aoteague6x@mediafire.com,Genderqueer,Business Development,Engineer II,250
CUST62-7ZC0,Kaela,Howler,khowler6y@slate.com,Genderfluid,Services,Chief Design Engineer,251
CUST21-0KO0,Luciano,Lotze,llotze6z@bluehost.com,Female,Services,Community Outreach Specialist,252
CUST33-2MS9,Jamaal,Earnshaw,jearnshaw70@oracle.com,Female,Sales,Pharmacist,253
CUST91-6NR7,Andris,Furzer,afurzer71@reuters.com,Non-binary,Support,Structural Engineer,254
CUST19-8MU8,Addy,Laurant,alaurant72@pbs.org,Non-binary,Research and Development,Professor,255
CUST40-5RC5,Kellen,Rameau,krameau73@devhub.com,Polygender,Product Management,Staff Accountant IV,256
CUST36-8JB3,Neille,Pendrigh,npendrigh74@webeden.co.uk,Genderqueer,Accounting,Analog Circuit Design manager,257
CUST90-5OR8,Imojean,Bim,ibim75@indiegogo.com,Agender,Support,Operator,258
CUST44-1VY8,Mervin,Jelf,mjelf76@xrea.com,Genderqueer,Human Resources,Financial Analyst,259
CUST58-2EQ8,Barret,McGeoch,bmcgeoch77@cyberchimps.com,Bigender,Engineering,Sales Associate,260
CUST53-7VD5,Towny,McClinton,tmcclinton78@shop-pro.jp,Non-binary,Product Management,Project Manager,261
CUST76-5ZJ8,Hadley,Speddin,hspeddin79@nifty.com,Polygender,Sales,Account Executive,262
CUST77-7YV6,Terrance,Duval,tduval7a@statcounter.com,Agender,Engineering,Research Nurse,263
CUST50-9CS2,Timotheus,Backshall,tbackshall7b@multiply.com,Genderfluid,Engineering,Teacher,264
CUST92-6YD5,Corine,Glossop,cglossop7c@imdb.com,Agender,Human Resources,Environmental Specialist,265
CUST27-9BE5,Valaria,Dionis,vdionis7d@sun.com,Bigender,Accounting,Health Coach II,266
CUST44-0AE5,Pincus,Rustidge,prustidge7e@state.gov,Non-binary,Legal,VP Accounting,267
CUST39-6CU5,Che,Odgers,codgers7f@va.gov,Female,Sales,Executive Secretary,268
CUST88-5ZT0,Jodie,Brehat,jbrehat7g@lulu.com,Polygender,Human Resources,Chemical Engineer,269
CUST12-0KT4,Ravi,Rumens,rrumens7h@mit.edu,Agender,Legal,Marketing Assistant,270
CUST00-0IF7,Fransisco,Bather,fbather7i@newsvine.com,Agender,Training,Biostatistician I,271
CUST61-8QF5,Kory,Chetwin,kchetwin7j@typepad.com,Female,Human Resources,Data Coordiator,272
CUST27-2ED1,Florina,Ferriman,fferriman7k@apple.com,Genderfluid,Human Resources,Human Resources Assistant I,273
CUST55-9GS5,Ethe,Scheffel,escheffel7l@ox.ac.uk,Non-binary,Legal,VP Product Management,274
CUST98-5KX0,Rona,Kroon,rkroon7m@mediafire.com,Bigender,Research and Development,Help Desk Operator,275
CUST79-6KM6,Giuseppe,McReedy,gmcreedy7n@pen.io,Agender,Product Management,Data Coordiator,276
CUST78-0SX7,Fleur,Mc Giffin,fmcgiffin7o@shop-pro.jp,Genderqueer,Human Resources,VP Product Management,277
CUST34-9UF2,Cornelle,Ferdinand,cferdinand7p@lycos.com,Genderfluid,Accounting,Senior Sales Associate,278
CUST54-0KQ9,Tammy,Apdell,tapdell7q@oakley.com,Non-binary,Research and Development,Dental Hygienist,279
CUST03-9RU6,Aili,Wilfling,awilfling7r@abc.net.au,Agender,Human Resources,Quality Control Specialist,280
CUST13-9IY6,Felita,Benez,fbenez7s@vinaora.com,Non-binary,Business Development,Health Coach II,281
CUST95-2VV6,Nessa,Costan,ncostan7t@hhs.gov,Male,Training,Information Systems Manager,282
CUST53-2GT7,Sheff,Phalp,sphalp7u@clickbank.net,Female,Human Resources,Safety Technician I,283
CUST66-5JE4,Conchita,Demeza,cdemeza7v@soup.io,Female,Accounting,Account Executive,284
CUST84-9DB9,Bruno,Brack,bbrack7w@dmoz.org,Genderqueer,Training,Technical Writer,285
CUST10-8NQ0,Modesta,Landsborough,mlandsborough7x@51.la,Male,Training,Accounting Assistant III,286
CUST06-3LK9,Clemence,Bonass,cbonass7y@youtu.be,Male,Business Development,Payment Adjustment Coordinator,287
CUST29-2YH7,Karrah,Prandini,kprandini7z@tamu.edu,Polygender,Accounting,Senior Sales Associate,288
CUST57-5KZ2,Ethelred,Timby,etimby80@utexas.edu,Bigender,Research and Development,Senior Developer,289
CUST92-5AT7,Ferris,Poley,fpoley81@timesonline.co.uk,Genderfluid,Research and Development,Analyst Programmer,290
CUST77-0QD3,Tadeas,Lamburn,tlamburn82@mac.com,Genderfluid,Sales,Clinical Specialist,291
CUST95-9TN4,Vonnie,Goward,vgoward83@meetup.com,Female,Sales,Community Outreach Specialist,292
CUST42-9OZ9,Gwenora,Perulli,gperulli84@irs.gov,Genderfluid,Services,Developer IV,293
CUST72-2JW0,Rosalie,Rolstone,rrolstone85@blog.com,Bigender,Services,Civil Engineer,294
CUST11-7QQ1,Maggy,Fullwood,mfullwood86@sciencedaily.com,Bigender,Accounting,Geologist II,295
CUST62-9IO5,Tymon,Petyakov,tpetyakov87@techcrunch.com,Bigender,Training,Design Engineer,296
CUST87-8JR6,Chelsae,O'Crevan,cocrevan88@weebly.com,Female,Research and Development,VP Accounting,297
CUST04-0RT2,Dorita,Euels,deuels89@a8.net,Female,Sales,Assistant Media Planner,298
CUST41-8OU6,Doug,Rothery,drothery8a@paginegialle.it,Female,Business Development,Environmental Specialist,299
CUST09-2CT1,Tudor,Fossord,tfossord8b@miibeian.gov.cn,Non-binary,Business Development,Nuclear Power Engineer,300
CUST62-4MQ5,Dunstan,Withringten,dwithringten8c@over-blog.com,Bigender,Legal,Nurse Practicioner,301
CUST37-2SS5,Penn,Gammon,pgammon8d@merriam-webster.com,Non-binary,Services,Engineer II,302
CUST69-1HE6,Tallou,Bruniges,tbruniges8e@ucsd.edu,Female,Marketing,Cost Accountant,303
CUST26-8XO6,Jeffie,Boyson,jboyson8f@shutterfly.com,Polygender,Business Development,Staff Scientist,304
CUST41-6KP8,Giffie,Featherstone,gfeatherstone8g@cpanel.net,Male,Support,VP Quality Control,305
CUST93-6NZ4,Luca,Given,lgiven8h@pbs.org,Male,Support,Senior Developer,306
CUST32-6MK9,Emilia,Fosserd,efosserd8i@webnode.com,Female,Product Management,Office Assistant III,307
CUST51-8SY9,Lexis,Rustich,lrustich8j@naver.com,Female,Human Resources,Database Administrator IV,308
CUST28-8LS1,Agnese,Truder,atruder8k@china.com.cn,Male,Research and Development,Human Resources Assistant III,309
CUST92-1VN0,Pepi,Pantling,ppantling8l@wikispaces.com,Non-binary,Marketing,Research Assistant IV,310
CUST74-6ME6,Amabel,Tulloch,atulloch8m@utexas.edu,Agender,Business Development,Software Consultant,311
CUST55-9RO7,Madelina,Ramme,mramme8n@unc.edu,Male,Sales,VP Product Management,312
CUST78-7KY0,Julieta,Ogg,jogg8o@ifeng.com,Bigender,Sales,Quality Control Specialist,313
CUST71-1BH2,Auberta,Abbitt,aabbitt8p@pcworld.com,Bigender,Accounting,Nuclear Power Engineer,314
CUST71-6FF0,Lorin,Dressel,ldressel8q@samsung.com,Polygender,Services,Assistant Professor,315
CUST90-8PA2,Shanta,Ethersey,sethersey8r@globo.com,Polygender,Services,Graphic Designer,316
CUST69-5NO3,Annetta,Bonass,abonass8s@shinystat.com,Female,Services,Nuclear Power Engineer,317
CUST05-2FG2,Dionne,Harrald,dharrald8t@sciencedirect.com,Bigender,Research and Development,Financial Analyst,318
CUST20-2MA0,Iosep,Donovin,idonovin8u@digg.com,Genderqueer,Marketing,Staff Accountant III,319
CUST52-1QE9,Elna,Pickavance,epickavance8v@whitehouse.gov,Male,Research and Development,Chief Design Engineer,320
CUST41-0LI3,Bertram,Kensy,bkensy8w@ow.ly,Genderqueer,Legal,Project Manager,321
CUST00-5LA1,Shanon,Franklen,sfranklen8x@globo.com,Genderqueer,Training,Food Chemist,322
CUST33-1XR1,Sarita,Donaho,sdonaho8y@bluehost.com,Polygender,Services,Developer III,323
CUST07-3XV7,Rory,Macrae,rmacrae8z@ning.com,Polygender,Legal,Technical Writer,324
CUST47-8ZD2,Dalila,Jackways,djackways90@sohu.com,Genderfluid,Engineering,Account Coordinator,325
CUST40-4KL7,Ralf,Gherardini,rgherardini91@bluehost.com,Genderqueer,Accounting,Senior Quality Engineer,326
CUST74-5UP5,Michal,Toward,mtoward92@typepad.com,Bigender,Support,Senior Cost Accountant,327
CUST49-0TM3,Gretel,Roger,groger93@hubpages.com,Genderfluid,Services,Administrative Assistant II,328
CUST23-0ZF3,Tammie,Pinxton,tpinxton94@eventbrite.com,Polygender,Training,Associate Professor,329
CUST65-6CA8,Had,Lineker,hlineker95@engadget.com,Non-binary,Business Development,Food Chemist,330
CUST08-7BW2,Oren,Rzehorz,orzehorz96@chronoengine.com,Bigender,Business Development,Actuary,331
CUST04-7IR0,Mercy,Quickfall,mquickfall97@theguardian.com,Bigender,Business Development,Graphic Designer,332
CUST53-2AG0,Gordan,Bythway,gbythway98@usgs.gov,Polygender,Support,Media Manager I,333
CUST08-1UX1,Jamey,Showt,jshowt99@meetup.com,Genderqueer,Legal,Compensation Analyst,334
CUST02-6OB3,Dodie,Grason,dgrason9a@gravatar.com,Genderfluid,Training,Software Test Engineer IV,335
CUST77-9VM3,Enrico,Smeeth,esmeeth9b@ow.ly,Polygender,Legal,Accountant IV,336
CUST48-5JS1,Lotte,Vanyakin,lvanyakin9c@smh.com.au,Polygender,Services,Librarian,337
CUST63-3KZ5,Kimberly,Lukianov,klukianov9d@freewebs.com,Agender,Support,Research Assistant I,338
CUST21-8FQ1,Ariella,Ibbitt,aibbitt9e@geocities.com,Genderqueer,Services,Systems Administrator I,339
CUST84-6FE5,Iorgos,Brounsell,ibrounsell9f@github.com,Non-binary,Sales,Community Outreach Specialist,340
CUST08-8JN6,Ring,Quinion,rquinion9g@spiegel.de,Non-binary,Business Development,Cost Accountant,341
CUST22-5CK1,Nadya,Golley,ngolley9h@imdb.com,Female,Support,Professor,342
CUST49-6HM0,Charles,Wikey,cwikey9i@va.gov,Polygender,Accounting,Civil Engineer,343
CUST45-8UX3,Halli,Mattsson,hmattsson9j@i2i.jp,Female,Services,Sales Associate,344
CUST87-5AZ9,Bernard,Clines,bclines9k@blinklist.com,Genderfluid,Human Resources,Registered Nurse,345
CUST53-7YB5,Brion,Fruish,bfruish9l@nba.com,Agender,Marketing,Web Developer I,346
CUST16-8VS8,Johna,Mayston,jmayston9m@live.com,Female,Training,Editor,347
CUST37-6OX8,Tish,Sweeting,tsweeting9n@uol.com.br,Male,Training,General Manager,348
CUST81-2JA7,Aimee,Insall,ainsall9o@reuters.com,Polygender,Research and Development,Actuary,349
CUST79-0YG3,Bondon,Blockwell,bblockwell9p@ucoz.ru,Bigender,Sales,Senior Cost Accountant,350
CUST10-9WZ9,Jackelyn,Beneze,jbeneze9q@ameblo.jp,Male,Support,VP Product Management,351
CUST25-4NK3,Emelyne,Sloper,esloper9r@jiathis.com,Genderfluid,Research and Development,Safety Technician I,352
CUST42-0MW0,Jaine,MacConnel,jmacconnel9s@ebay.com,Non-binary,Product Management,Payment Adjustment Coordinator,353
CUST73-7YN0,Ynez,Carbery,ycarbery9t@mayoclinic.com,Genderfluid,Marketing,Staff Accountant III,354
CUST79-6WB4,Dominique,Pimbley,dpimbley9u@wix.com,Genderqueer,Engineering,Media Manager II,355
CUST33-0XB7,Marius,Cardoe,mcardoe9v@globo.com,Genderfluid,Marketing,Computer Systems Analyst IV,356
CUST50-5RO2,Shel,Crutcher,scrutcher9w@vinaora.com,Non-binary,Sales,Assistant Manager,357
CUST14-9QF8,Roy,Clissell,rclissell9x@newyorker.com,Bigender,Accounting,Teacher,358
CUST54-7CB7,Aindrea,Adshead,aadshead9y@w3.org,Male,Research and Development,Help Desk Operator,359
CUST39-9KX0,Clair,Leppard,cleppard9z@istockphoto.com,Agender,Research and Development,VP Accounting,360
CUST44-5PK5,Laraine,Maymond,lmaymonda0@mit.edu,Bigender,Engineering,Systems Administrator III,361
CUST63-3RY5,Chelsy,Pittway,cpittwaya1@scribd.com,Agender,Engineering,Human Resources Assistant IV,362
CUST33-6BX1,Godard,Ellcock,gellcocka2@alibaba.com,Genderqueer,Training,Marketing Manager,363
CUST66-4VE3,Sherrie,Kemble,skemblea3@trellian.com,Female,Human Resources,Executive Secretary,364
CUST74-7GZ7,Northrup,Woolcocks,nwoolcocksa4@apple.com,Agender,Research and Development,Payment Adjustment Coordinator,365
CUST23-0NH7,Tait,Yerrell,tyerrella5@mapquest.com,Bigender,Support,VP Quality Control,366
CUST11-1YG5,Mag,Walton,mwaltona6@tamu.edu,Female,Research and Development,VP Product Management,367
CUST11-2VY3,Herold,Pedroni,hpedronia7@topsy.com,Agender,Training,Pharmacist,368
CUST13-7IY6,Candide,Sutliff,csutliffa8@feedburner.com,Non-binary,Marketing,Systems Administrator III,369
CUST13-8ZB9,Yves,Goodbar,ygoodbara9@bloomberg.com,Polygender,Support,Actuary,370
CUST31-5XD6,Charis,Gleadle,cgleadleaa@hostgator.com,Non-binary,Training,Actuary,371
CUST48-7ER2,Carlen,Symes,csymesab@livejournal.com,Genderfluid,Business Development,Mechanical Systems Engineer,372
CUST14-0QD3,Michaelina,Filer,mfilerac@topsy.com,Genderqueer,Human Resources,Sales Associate,373
CUST86-4HS9,Nell,Fanton,nfantonad@google.com.br,Bigender,Research and Development,Physical Therapy Assistant,374
CUST12-3OE7,Cyndia,O'Kennavain,cokennavainae@qq.com,Male,Product Management,Associate Professor,375
CUST74-1AD1,Doris,Klimus,dklimusaf@360.cn,Polygender,Legal,Teacher,376
CUST55-7VU9,Cassie,Hailwood,chailwoodag@themeforest.net,Female,Services,Information Systems Manager,377
CUST29-7HT2,Berny,Millam,bmillamah@abc.net.au,Female,Services,Desktop Support Technician,378
CUST51-2KH8,Fabe,McGrayle,fmcgrayleai@unesco.org,Polygender,Training,Paralegal,379
CUST84-6TG0,Boot,Oen,boenaj@wikia.com,Bigender,Training,Business Systems Development Analyst,380
CUST03-1BJ6,Raimundo,Kobu,rkobuak@tinyurl.com,Polygender,Support,Nurse Practicioner,381
CUST02-0MB2,Kirby,Baudrey,kbaudreyal@yahoo.com,Polygender,Research and Development,Accounting Assistant IV,382
CUST46-0JB7,Alonso,Jewess,ajewessam@hatena.ne.jp,Genderfluid,Human Resources,Assistant Media Planner,383
CUST53-8UW4,Julianna,Maddocks,jmaddocksan@blogtalkradio.com,Genderqueer,Sales,Sales Representative,384
CUST29-7OC7,Hermina,Redwing,hredwingao@a8.net,Genderfluid,Support,Recruiter,385
CUST58-7EB0,Donielle,Gilderoy,dgilderoyap@unesco.org,Female,Services,Dental Hygienist,386
CUST06-9JK6,Kinnie,Satchell,ksatchellaq@java.com,Agender,Legal,Pharmacist,387
CUST29-5GY0,Muffin,Face,mfacear@furl.net,Female,Accounting,Information Systems Manager,388
CUST60-2DC9,Nick,Chadwen,nchadwenas@wired.com,Genderqueer,Business Development,Analog Circuit Design manager,389
CUST17-4UM6,Sibel,Liddiatt,sliddiattat@nsw.gov.au,Female,Sales,Community Outreach Specialist,390
CUST02-5JN3,Mahmoud,Clemo,mclemoau@yelp.com,Male,Engineering,Food Chemist,391
CUST61-6BQ0,Barbette,Padmore,bpadmoreav@elpais.com,Polygender,Support,Executive Secretary,392
CUST92-4KK8,Alard,Heasley,aheasleyaw@a8.net,Non-binary,Accounting,Marketing Manager,393
CUST23-3LW6,Myer,Fratczak,mfratczakax@tmall.com,Non-binary,Accounting,Account Executive,394
CUST68-3EJ6,Alina,Keble,akebleay@amazon.de,Genderfluid,Product Management,Project Manager,395
CUST08-3CB7,Laurella,Waterhous,lwaterhousaz@admin.ch,Agender,Training,Marketing Assistant,396
CUST02-4LE2,Ronnie,Brownell,rbrownellb0@over-blog.com,Male,Business Development,Food Chemist,397
CUST89-0DC9,Bartholemy,Fullagar,bfullagarb1@salon.com,Genderqueer,Support,Structural Analysis Engineer,398
CUST97-3HT1,Kimberlyn,Carlisi,kcarlisib2@cbslocal.com,Bigender,Business Development,Senior Sales Associate,399
CUST37-0QQ2,Sharleen,Franklyn,sfranklynb3@mtv.com,Bigender,Legal,Database Administrator IV,400
CUST40-5KV0,Eachelle,Cisec,ecisecb4@chronoengine.com,Non-binary,Training,Computer Systems Analyst IV,401
CUST05-4OM7,Tabbie,Critten,tcrittenb5@mozilla.com,Non-binary,Services,Programmer I,402
CUST51-7JK9,Saul,MacWhan,smacwhanb6@yellowbook.com,Polygender,Support,Programmer IV,403
CUST94-1KB0,Aldon,Jones,ajonesb7@skype.com,Non-binary,Human Resources,Assistant Media Planner,404
CUST56-0YY3,Nerte,Surmeyers,nsurmeyersb8@newyorker.com,Polygender,Sales,Product Engineer,405
CUST78-1LF7,Audi,Rigmond,arigmondb9@bbc.co.uk,Bigender,Legal,Teacher,406
CUST76-5GV3,Phillip,Sancraft,psancraftba@netscape.com,Female,Accounting,Nurse Practicioner,407
CUST32-1ZG4,Francyne,Theis,ftheisbb@google.co.uk,Agender,Sales,Programmer I,408
CUST02-1HH6,Marquita,Dommersen,mdommersenbc@npr.org,Male,Legal,Marketing Assistant,409
CUST03-8RR2,Chen,Hayer,chayerbd@whitehouse.gov,Female,Product Management,Graphic Designer,410
CUST66-9RT1,Roanne,Lishman,rlishmanbe@sfgate.com,Non-binary,Services,Recruiting Manager,411
CUST65-3QF2,Louella,Whitmell,lwhitmellbf@pbs.org,Genderqueer,Engineering,Associate Professor,412
CUST29-4EU2,Richmound,Lefeuvre,rlefeuvrebg@imdb.com,Genderfluid,Product Management,Paralegal,413
CUST13-2UE8,Paquito,McGrudder,pmcgrudderbh@godaddy.com,Genderqueer,Training,Marketing Assistant,414
CUST37-4KA3,Nicoli,Cremen,ncremenbi@ycombinator.com,Male,Sales,Marketing Assistant,415
CUST60-9LH5,Jacinthe,Bushaway,jbushawaybj@omniture.com,Male,Services,Developer III,416
CUST43-0NA7,Robbyn,Yele,ryelebk@pagesperso-orange.fr,Non-binary,Marketing,Marketing Assistant,417
CUST87-1TB5,Germayne,Meo,gmeobl@aboutads.info,Bigender,Product Management,Senior Financial Analyst,418
CUST90-3ZX7,Etti,Woodley,ewoodleybm@behance.net,Agender,Research and Development,Assistant Manager,419
CUST18-8QB9,Esther,Mc Kellen,emckellenbn@usda.gov,Polygender,Services,VP Quality Control,420
CUST69-8VX1,Alaine,Baines,abainesbo@oakley.com,Genderqueer,Product Management,Environmental Specialist,421
CUST77-1RQ0,Haleigh,Cheverton,hchevertonbp@prnewswire.com,Agender,Marketing,Account Coordinator,422
CUST89-0GX3,Shaun,Harsnep,sharsnepbq@networkadvertising.org,Polygender,Accounting,Senior Financial Analyst,423
CUST99-2SO3,Leonhard,Condliffe,lcondliffebr@nifty.com,Male,Sales,Sales Representative,424
CUST41-3KG4,Addie,Moyse,amoysebs@microsoft.com,Non-binary,Marketing,Administrative Officer,425
CUST49-7YQ1,Jeremie,Kleinhausen,jkleinhausenbt@psu.edu,Male,Services,Web Designer I,426
CUST65-4RN9,Stern,Vowell,svowellbu@google.com.hk,Male,Sales,Assistant Professor,427
CUST40-7KI0,Vinny,Bergen,vbergenbv@cdc.gov,Genderqueer,Services,Senior Quality Engineer,428
CUST26-5DE1,Cozmo,Ortell,cortellbw@examiner.com,Non-binary,Support,GIS Technical Architect,429
CUST99-6IQ0,Filberto,Kliner,fklinerbx@ask.com,Female,Accounting,Recruiting Manager,430
CUST33-9HV1,Kristin,Kretschmer,kkretschmerby@wix.com,Bigender,Human Resources,Geologist IV,431
CUST66-0PJ8,Nadiya,Wildish,nwildishbz@utexas.edu,Genderfluid,Services,Recruiter,432
CUST62-3FE2,Tore,Enric,tenricc0@hostgator.com,Bigender,Human Resources,Structural Engineer,433
CUST11-0ZZ9,Danyette,Panons,dpanonsc1@mapy.cz,Polygender,Sales,Librarian,434
CUST55-6BK1,Alina,Berisford,aberisfordc2@t-online.de,Polygender,Marketing,Account Coordinator,435
CUST52-0JS0,Carly,Pervew,cpervewc3@acquirethisname.com,Agender,Research and Development,Database Administrator III,436
CUST65-1QY1,Albrecht,Brakespear,abrakespearc4@creativecommons.org,Agender,Engineering,Food Chemist,437
CUST93-7UR2,Starlin,Gander,sganderc5@geocities.jp,Bigender,Business Development,Safety Technician II,438
CUST28-7RM6,Maje,Kirstein,mkirsteinc6@fastcompany.com,Male,Training,Programmer III,439
CUST45-2QT0,Noland,Balle,nballec7@blogs.com,Agender,Product Management,Physical Therapy Assistant,440
CUST43-6UR7,Archibold,Buttler,abuttlerc8@com.com,Male,Services,Sales Representative,441
CUST59-2KU7,Nissy,Crotty,ncrottyc9@rakuten.co.jp,Genderfluid,Business Development,General Manager,442
CUST87-4BB8,Ambrose,Markwell,amarkwellca@youtu.be,Polygender,Services,Systems Administrator III,443
CUST31-0EN8,Paton,Bartell,pbartellcb@privacy.gov.au,Female,Human Resources,Account Executive,444
CUST29-8YR5,Bambie,Bonsall,bbonsallcc@weather.com,Polygender,Business Development,Legal Assistant,445
CUST02-5OE6,Lannie,Denver,ldenvercd@rediff.com,Genderqueer,Engineering,VP Product Management,446
CUST36-9QU0,Tome,Bodley,tbodleyce@ucsd.edu,Agender,Business Development,VP Quality Control,447
CUST14-4IZ4,Goldi,Raccio,gracciocf@census.gov,Agender,Marketing,Tax Accountant,448
CUST19-6QB9,Tanney,Caesmans,tcaesmanscg@huffingtonpost.com,Non-binary,Marketing,Media Manager IV,449
CUST43-6EQ9,Morly,McArdell,mmcardellch@hp.com,Male,Services,Safety Technician IV,450
CUST67-6ML9,Tamera,Noon,tnoonci@spiegel.de,Genderqueer,Human Resources,VP Accounting,451
CUST24-2QC4,Remus,Flatte,rflattecj@usgs.gov,Bigender,Training,Tax Accountant,452
CUST06-8UQ9,Wolfy,Rupprecht,wrupprechtck@cnn.com,Non-binary,Research and Development,Analog Circuit Design manager,453
CUST29-3JR7,Esteban,Straughan,estraughancl@netscape.com,Non-binary,Support,Sales Representative,454
CUST95-1WY1,Des,Gerran,dgerrancm@hhs.gov,Genderfluid,Training,Help Desk Technician,455
CUST55-2NL2,Valma,Kave,vkavecn@amazon.co.uk,Genderqueer,Legal,Director of Sales,456
CUST36-9UC0,Terza,Bateson,tbatesonco@imdb.com,Female,Research and Development,Statistician IV,457
CUST38-3MK6,Crin,Offen,coffencp@imageshack.us,Genderfluid,Research and Development,Health Coach III,458
CUST99-1QP3,Ingamar,Cowlishaw,icowlishawcq@cnn.com,Bigender,Human Resources,Administrative Assistant IV,459
CUST70-4JX3,Deny,McGivena,dmcgivenacr@google.com,Bigender,Research and Development,Staff Accountant IV,460
CUST55-4BJ5,Upton,Rowson,urowsoncs@over-blog.com,Genderfluid,Product Management,Tax Accountant,461
CUST40-7IC3,Daphne,Delacourt,ddelacourtct@quantcast.com,Non-binary,Research and Development,Project Manager,462
CUST85-7VO9,Malorie,O'Doghesty,modoghestycu@symantec.com,Male,Services,Office Assistant III,463
CUST47-4RL1,Ardelle,Pridmore,apridmorecv@blogger.com,Polygender,Business Development,Chemical Engineer,464
CUST67-9NG0,Tamarah,Antonomolii,tantonomoliicw@twitpic.com,Agender,Training,Chief Design Engineer,465
CUST96-4GS7,Tammie,Gritsaev,tgritsaevcx@phoca.cz,Non-binary,Research and Development,Sales Associate,466
CUST08-2OX5,Osgood,Batho,obathocy@scientificamerican.com,Genderqueer,Business Development,Developer III,467
CUST73-2AF0,Tann,Cleaton,tcleatoncz@dyndns.org,Polygender,Business Development,Assistant Media Planner,468
CUST73-3LF1,Marcie,Crat,mcratd0@netvibes.com,Genderfluid,Marketing,Civil Engineer,469
CUST56-6WG7,Trueman,Caneo,tcaneod1@army.mil,Polygender,Legal,Engineer III,470
CUST08-2HC7,Bail,Lyosik,blyosikd2@bloomberg.com,Genderqueer,Human Resources,Software Consultant,471
CUST78-0QS3,Miguelita,Mountcastle,mmountcastled3@comcast.net,Genderfluid,Legal,Project Manager,472
CUST32-1BU5,Lynett,Duesbury,lduesburyd4@amazon.co.uk,Female,Legal,VP Accounting,473
CUST08-3CL2,Barton,Gaynor,bgaynord5@list-manage.com,Genderfluid,Services,Design Engineer,474
CUST99-3BK8,Reilly,Bohlsen,rbohlsend6@cargocollective.com,Non-binary,Services,Graphic Designer,475
CUST89-2HK9,Nita,Gouthier,ngouthierd7@soup.io,Polygender,Research and Development,Senior Editor,476
CUST11-7GA5,Aurlie,Lamerton,alamertond8@nhs.uk,Bigender,Services,Senior Developer,477
CUST32-2JV1,Terence,Eppson,teppsond9@timesonline.co.uk,Female,Human Resources,Help Desk Operator,478
CUST03-2GM9,Desmund,Marran,dmarranda@chronoengine.com,Agender,Marketing,Dental Hygienist,479
CUST20-5WP7,Lucas,Fielders,lfieldersdb@cornell.edu,Female,Accounting,Project Manager,480
CUST13-0SD1,Benedikt,Bembridge,bbembridgedc@i2i.jp,Agender,Business Development,Registered Nurse,481
CUST78-3NN4,Latrena,Sebyer,lsebyerdd@shop-pro.jp,Female,Engineering,Administrative Assistant II,482
CUST01-7BU6,Fidel,Wilbraham,fwilbrahamde@jiathis.com,Genderqueer,Accounting,Analyst Programmer,483
CUST38-3JB9,Leonanie,Bilsborrow,lbilsborrowdf@wikispaces.com,Agender,Research and Development,Accounting Assistant I,484
CUST03-6TT5,Dick,Camp,dcampdg@github.com,Male,Legal,Professor,485
CUST00-2RQ6,Tobie,Sutherley,tsutherleydh@hp.com,Bigender,Services,Community Outreach Specialist,486
CUST91-8TG7,Moises,Bogaert,mbogaertdi@smh.com.au,Non-binary,Legal,Geological Engineer,487
CUST73-4BP6,Zandra,Pickersail,zpickersaildj@uol.com.br,Non-binary,Legal,Actuary,488
CUST83-1SS4,Fonz,Sharrard,fsharrarddk@hp.com,Polygender,Marketing,Dental Hygienist,489
CUST14-1PF6,Grover,Lopes,glopesdl@livejournal.com,Agender,Research and Development,Media Manager II,490
CUST99-8HZ0,Eduardo,Robillard,erobillarddm@nps.gov,Female,Sales,Biostatistician IV,491
CUST86-1QY0,Lavinie,Ratlee,lratleedn@ebay.co.uk,Female,Product Management,Assistant Professor,492
CUST09-5QT2,Cheston,Welling,cwellingdo@printfriendly.com,Male,Engineering,Desktop Support Technician,493
CUST01-6IF6,Gherardo,Hennemann,ghennemanndp@people.com.cn,Genderfluid,Training,Geologist III,494
CUST95-7UI4,Georgetta,Meaden,gmeadendq@senate.gov,Female,Research and Development,Financial Analyst,495
CUST68-9TH8,Forrester,Rathbourne,frathbournedr@harvard.edu,Genderqueer,Training,Statistician III,496
CUST54-3AN2,Arlena,Pitchford,apitchfordds@issuu.com,Genderqueer,Accounting,Clinical Specialist,497
CUST26-7KV9,Darci,Saffran,dsaffrandt@irs.gov,Non-binary,Engineering,Director of Sales,498
CUST18-6XC8,Juliane,McEvon,jmcevondu@biglobe.ne.jp,Bigender,Training,Mechanical Systems Engineer,499
CUST64-1NV7,Vin,Punter,vpunterdv@oakley.com,Female,Human Resources,Nurse,500
CUST33-4SE3,Cullin,Roughey,crougheydw@boston.com,Female,Engineering,Tax Accountant,501
CUST43-9YB5,Evangelina,McCrann,emccranndx@sfgate.com,Polygender,Accounting,VP Marketing,502
CUST92-7AS0,Tracie,Roylance,troylancedy@diigo.com,Genderqueer,Research and Development,Accounting Assistant I,503
CUST93-4EF7,Geordie,Fiddymont,gfiddymontdz@columbia.edu,Polygender,Support,Computer Systems Analyst III,504
CUST79-8XZ9,Agnola,Kenward,akenwarde0@ezinearticles.com,Polygender,Human Resources,Research Assistant III,505
CUST24-8VH7,Janelle,Batchelar,jbatchelare1@umn.edu,Agender,Marketing,Teacher,506
CUST86-3GO2,Arielle,Saull,asaulle2@sohu.com,Bigender,Legal,Developer III,507
CUST20-2LO8,Yuri,Huckabe,yhuckabee3@smugmug.com,Male,Training,Nuclear Power Engineer,508
CUST82-3MU4,Stacee,Zottoli,szottolie4@whitehouse.gov,Female,Human Resources,VP Sales,509
CUST11-3HN4,Randie,Crane,rcranee5@zimbio.com,Genderfluid,Accounting,Marketing Assistant,510
CUST34-3TH7,Chaunce,Schaffel,cschaffele6@ebay.co.uk,Male,Sales,Cost Accountant,511
CUST60-3OZ0,Reeva,Simkiss,rsimkisse7@vimeo.com,Male,Support,Junior Executive,512
CUST67-2JF8,Regan,Dyne,rdynee8@amazon.com,Female,Marketing,Research Associate,513
CUST61-9BX1,Noak,Baldocci,nbaldoccie9@hugedomains.com,Female,Services,Registered Nurse,514
CUST14-5OX6,Joanne,Ridder,jridderea@wikispaces.com,Genderfluid,Product Management,Computer Systems Analyst I,515
CUST41-2GS4,Willie,Beckey,wbeckeyeb@chicagotribune.com,Bigender,Legal,Account Coordinator,516
CUST93-1IB2,Nikolas,Kilfoyle,nkilfoyleec@naver.com,Polygender,Services,Tax Accountant,517
CUST24-0RQ1,Nikita,Cloute,nclouteed@dion.ne.jp,Polygender,Training,GIS Technical Architect,518
CUST15-1RA2,Adoree,McLeish,amcleishee@desdev.cn,Genderqueer,Engineering,Marketing Assistant,519
CUST97-1DQ3,Dwayne,Mackelworth,dmackelworthef@mashable.com,Bigender,Research and Development,Administrative Assistant II,520
CUST94-9IF7,Lyndell,Kingzeth,lkingzetheg@weibo.com,Genderqueer,Product Management,Paralegal,521
CUST92-0WK6,Leah,Kordova,lkordovaeh@altervista.org,Bigender,Support,Financial Analyst,522
CUST71-4CW4,Kile,Droghan,kdroghanei@samsung.com,Bigender,Human Resources,Electrical Engineer,523
CUST70-4AR5,Thelma,Lindenblatt,tlindenblattej@clickbank.net,Genderqueer,Product Management,Legal Assistant,524
CUST43-4AM4,Timmie,Bartalini,tbartaliniek@youtu.be,Genderqueer,Product Management,Clinical Specialist,525
CUST64-3OH1,Burton,Cropper,bcropperel@goodreads.com,Female,Engineering,Assistant Professor,526
CUST38-2XM8,Elliott,McKinley,emckinleyem@drupal.org,Polygender,Human Resources,Environmental Specialist,527
CUST16-6PY6,Tam,Schriren,tschrirenen@so-net.ne.jp,Female,Research and Development,Analyst Programmer,528
CUST55-7EQ2,Rosabel,Lansberry,rlansberryeo@pagesperso-orange.fr,Female,Services,Engineer I,529
CUST48-6WA4,Anjela,Byrd,abyrdep@disqus.com,Polygender,Engineering,Executive Secretary,530
CUST07-0JQ0,Gustie,Iliff,giliffeq@cnn.com,Bigender,Marketing,VP Sales,531
CUST63-1TQ9,Der,Aitkin,daitkiner@cdc.gov,Genderfluid,Research and Development,Business Systems Development Analyst,532
CUST48-1WR5,Mariellen,McGaraghan,mmcgaraghanes@harvard.edu,Genderfluid,Training,Executive Secretary,533
CUST89-5BD3,Edmon,Peevor,epeevoret@ucla.edu,Bigender,Product Management,Graphic Designer,534
CUST64-5IH1,Charleen,Lorraway,clorrawayeu@house.gov,Agender,Engineering,Professor,535
CUST19-6FV8,Drusi,Ceyssen,dceyssenev@soundcloud.com,Male,Services,Occupational Therapist,536
CUST93-1QE3,Paulita,Brettelle,pbrettelleew@ocn.ne.jp,Male,Training,Engineer I,537
CUST06-0VG0,Jackelyn,Tower,jtowerex@sourceforge.net,Genderqueer,Human Resources,Internal Auditor,538
CUST12-9CU9,Bev,Devote,bdevoteey@springer.com,Agender,Legal,VP Sales,539
CUST13-4AY2,Susanetta,Lardge,slardgeez@toplist.cz,Polygender,Engineering,Tax Accountant,540
CUST21-8IL5,Elayne,Duncanson,eduncansonf0@aol.com,Polygender,Legal,Media Manager IV,541
CUST05-0CT2,Laney,Jelk,ljelkf1@abc.net.au,Genderqueer,Product Management,Product Engineer,542
CUST67-1TG8,Thibaut,Dollard,tdollardf2@sun.com,Non-binary,Product Management,Operator,543
CUST82-5HU2,Alvie,Deniscke,adenisckef3@oaic.gov.au,Polygender,Services,Information Systems Manager,544
CUST80-3QG6,Sholom,Quixley,squixleyf4@dedecms.com,Polygender,Business Development,Structural Engineer,545
CUST40-4AI3,Lori,Ateridge,lateridgef5@moonfruit.com,Female,Human Resources,Media Manager III,546
CUST99-4MY4,Monica,Summons,msummonsf6@shutterfly.com,Genderqueer,Services,Occupational Therapist,547
CUST69-6QT9,Aili,Standage,astandagef7@archive.org,Genderfluid,Accounting,Recruiting Manager,548
CUST90-4KS2,Courtney,Tewkesberrie,ctewkesberrief8@51.la,Genderqueer,Research and Development,Statistician IV,549
CUST98-6UV5,Abigail,Innott,ainnottf9@shareasale.com,Genderqueer,Services,Statistician I,550
CUST26-4VF9,Kellie,Stilgo,kstilgofa@usda.gov,Female,Engineering,Graphic Designer,551
CUST52-3WV0,Farand,Glidder,fglidderfb@ed.gov,Female,Accounting,Executive Secretary,552
CUST56-9OG6,Page,Glasman,pglasmanfc@mysql.com,Agender,Research and Development,Software Engineer III,553
CUST33-2WW5,Clement,Pippard,cpippardfd@yahoo.co.jp,Genderqueer,Marketing,Administrative Assistant IV,554
CUST48-5IH9,Lucina,Tonbridge,ltonbridgefe@go.com,Non-binary,Legal,Analog Circuit Design manager,555
CUST75-5QH4,Gabriela,Britney,gbritneyff@networkadvertising.org,Female,Sales,Senior Financial Analyst,556
CUST26-7BX8,Alford,Cockshut,acockshutfg@ted.com,Male,Engineering,Mechanical Systems Engineer,557
CUST64-9SW8,Allyson,McCahill,amccahillfh@tiny.cc,Male,Sales,Paralegal,558
CUST30-3PD0,Jobye,Kid,jkidfi@senate.gov,Female,Product Management,Marketing Assistant,559
CUST88-0PF5,Harriette,Sevitt,hsevittfj@aboutads.info,Agender,Business Development,Assistant Manager,560
CUST77-7MZ7,Caril,Delahunty,cdelahuntyfk@washingtonpost.com,Female,Legal,Marketing Assistant,561
CUST44-9LE1,Helaina,Bubbear,hbubbearfl@google.nl,Genderfluid,Engineering,Financial Advisor,562
CUST40-1ZS0,Hogan,Farmloe,hfarmloefm@printfriendly.com,Agender,Research and Development,Software Test Engineer I,563
CUST14-0AK0,Frederica,Klausen,fklausenfn@cornell.edu,Female,Support,Geologist III,564
CUST70-9JH7,Sarene,Derbyshire,sderbyshirefo@desdev.cn,Agender,Research and Development,Help Desk Technician,565
CUST80-6DT3,Christoffer,Adamczyk,cadamczykfp@examiner.com,Polygender,Training,Account Representative III,566
CUST54-0XJ7,Cornell,Hollows,chollowsfq@unicef.org,Female,Product Management,Project Manager,567
CUST93-9EH9,Kendrick,Skone,kskonefr@moonfruit.com,Genderfluid,Research and Development,VP Marketing,568
CUST07-9AH1,Nealson,Fredi,nfredifs@godaddy.com,Genderqueer,Training,Physical Therapy Assistant,569
CUST85-1LT1,Danya,Fydoe,dfydoeft@cdbaby.com,Male,Sales,Biostatistician IV,570
CUST47-0ZB6,Ariadne,Chiommienti,achiommientifu@kickstarter.com,Genderfluid,Training,Graphic Designer,571
CUST95-8SL2,Bobina,Ashard,bashardfv@hostgator.com,Agender,Marketing,Desktop Support Technician,572
CUST82-6NJ4,Norry,Ebunoluwa,nebunoluwafw@dmoz.org,Genderqueer,Support,Senior Editor,573
CUST98-2PB1,Caria,Kenewel,ckenewelfx@addthis.com,Agender,Services,Pharmacist,574
CUST56-2YL0,Peyter,MacRorie,pmacroriefy@tumblr.com,Non-binary,Business Development,Staff Scientist,575
CUST39-7ID0,Annabella,McNeill,amcneillfz@cocolog-nifty.com,Non-binary,Sales,Senior Cost Accountant,576
CUST07-4YC8,Korie,Malkie,kmalkieg0@is.gd,Non-binary,Human Resources,VP Quality Control,577
CUST24-5DP6,Anitra,de Najera,adenajerag1@mysql.com,Genderqueer,Services,Editor,578
CUST99-3FI5,Louie,Eastment,leastmentg2@deliciousdays.com,Bigender,Business Development,Computer Systems Analyst III,579
CUST62-7MH2,Raffaello,Beharrell,rbeharrellg3@newsvine.com,Non-binary,Support,Clinical Specialist,580
CUST16-4HT9,Janek,Minshull,jminshullg4@usa.gov,Female,Research and Development,Administrative Officer,581
CUST37-6WQ3,Giorgio,Devitt,gdevittg5@e-recht24.de,Bigender,Legal,Sales Associate,582
CUST48-1QD3,Warden,Pedler,wpedlerg6@hud.gov,Female,Accounting,Recruiting Manager,583
CUST14-7XZ3,Aloin,Parnham,aparnhamg7@cbsnews.com,Male,Engineering,Project Manager,584
CUST92-1ZA7,Joachim,Breydin,jbreyding8@163.com,Female,Support,Librarian,585
CUST18-6QR1,Wolfy,Durbridge,wdurbridgeg9@tinypic.com,Genderfluid,Business Development,Environmental Tech,586
CUST15-6LS4,Colan,Kettlestringes,ckettlestringesga@parallels.com,Genderfluid,Training,VP Marketing,587
CUST31-6AL3,Brigit,Acton,bactongb@go.com,Agender,Product Management,Occupational Therapist,588
CUST57-5QZ7,Paulina,Glenfield,pglenfieldgc@stanford.edu,Polygender,Training,Staff Accountant II,589
CUST59-2IR4,Gillie,Twort,gtwortgd@nature.com,Genderfluid,Support,Information Systems Manager,590
CUST99-2TI3,Grove,Reaman,greamange@answers.com,Genderfluid,Accounting,Cost Accountant,591
CUST75-7OH4,Kevin,Apfelmann,kapfelmanngf@washingtonpost.com,Genderfluid,Accounting,Dental Hygienist,592
CUST23-8XR6,Pierre,Donaghy,pdonaghygg@linkedin.com,Agender,Accounting,Budget/Accounting Analyst II,593
CUST35-1EO6,Baxter,Scrivenor,bscrivenorgh@tripod.com,Genderqueer,Legal,VP Sales,594
CUST63-1SF2,Annamarie,Sighard,asighardgi@livejournal.com,Genderqueer,Product Management,Financial Analyst,595
CUST87-2ZD4,Frederic,Fieller,ffiellergj@behance.net,Male,Human Resources,Human Resources Manager,596
CUST30-5CQ0,Manon,Buske,mbuskegk@cbc.ca,Agender,Services,Analyst Programmer,597
CUST62-8OJ1,Lucky,Spincke,lspinckegl@blogspot.com,Female,Legal,Computer Systems Analyst III,598
CUST67-5UE9,Jerrome,Cuffe,jcuffegm@china.com.cn,Male,Business Development,Pharmacist,599
CUST64-9UJ8,Minnaminnie,MacNeilage,mmacneilagegn@addthis.com,Genderqueer,Marketing,Social Worker,600
CUST90-3XN1,Donica,Andor,dandorgo@adobe.com,Agender,Marketing,Junior Executive,601
CUST58-5UX8,Fergus,Dugan,fdugangp@free.fr,Polygender,Product Management,Web Developer I,602
CUST97-0PV4,Brooks,Shutte,bshuttegq@go.com,Male,Product Management,Technical Writer,603
CUST49-4VO5,Kori,Strank,kstrankgr@salon.com,Genderfluid,Accounting,Compensation Analyst,604
CUST35-5DW1,Gwen,De Lasci,gdelascigs@sina.com.cn,Polygender,Marketing,Social Worker,605
CUST30-5RI3,Zenia,Cattermull,zcattermullgt@arstechnica.com,Female,Product Management,Structural Engineer,606
CUST80-0FM5,Lorens,Risom,lrisomgu@altervista.org,Agender,Services,Clinical Specialist,607
CUST97-4XP7,Celestine,Yankeev,cyankeevgv@de.vu,Agender,Support,Executive Secretary,608
CUST06-9EP2,Damita,MacKinnon,dmackinnongw@hostgator.com,Bigender,Services,Graphic Designer,609
CUST65-0YJ2,Brunhilda,Wankel,bwankelgx@bandcamp.com,Polygender,Product Management,Environmental Tech,610
CUST25-7FH8,Eugenie,Blackstock,eblackstockgy@printfriendly.com,Non-binary,Business Development,Executive Secretary,611
CUST55-9BM2,Ardella,Iwanowski,aiwanowskigz@1688.com,Genderfluid,Sales,Data Coordiator,612
CUST83-3FB6,Danita,Vanshin,dvanshinh0@prnewswire.com,Male,Marketing,Executive Secretary,613
CUST42-8VP5,Shanta,Stonhard,sstonhardh1@123-reg.co.uk,Female,Engineering,Data Coordiator,614
CUST56-6QU0,Rena,Nend,rnendh2@weather.com,Non-binary,Research and Development,Research Nurse,615
CUST73-5YO7,Sebastian,Huyche,shuycheh3@cbslocal.com,Agender,Marketing,Payment Adjustment Coordinator,616
CUST29-0FP8,Lydon,Blandford,lblandfordh4@yahoo.com,Genderfluid,Sales,Account Representative IV,617
CUST67-2EA3,Bard,Morit,bmorith5@unesco.org,Bigender,Business Development,Analog Circuit Design manager,618
CUST25-6HC5,Britney,Hember,bhemberh6@tinyurl.com,Polygender,Engineering,Chief Design Engineer,619
CUST92-9AY4,Robinet,Pellitt,rpellitth7@icio.us,Bigender,Human Resources,Staff Accountant IV,620
CUST86-8DO0,Jannelle,Pucknell,jpucknellh8@fastcompany.com,Male,Services,Account Coordinator,621
CUST79-8EJ9,Lucille,Asee,laseeh9@google.com.hk,Genderfluid,Legal,Dental Hygienist,622
CUST17-1PN0,Bogey,Bringloe,bbringloeha@rakuten.co.jp,Genderfluid,Product Management,Engineer III,623
CUST92-7LD0,Sarita,Giabuzzi,sgiabuzzihb@parallels.com,Genderqueer,Services,Internal Auditor,624
CUST17-3KK9,Andris,Gillam,agillamhc@w3.org,Genderfluid,Services,Assistant Manager,625
CUST46-3IH2,Kitty,Satchell,ksatchellhd@wikipedia.org,Agender,Business Development,Assistant Professor,626
CUST84-7AM8,Waldo,Strickett,wstricketthe@bbc.co.uk,Female,Legal,Nuclear Power Engineer,627
CUST91-8AH0,Reeta,Meriel,rmerielhf@google.co.jp,Genderfluid,Support,Recruiting Manager,628
CUST54-7SH1,Merrill,Drife,mdrifehg@dagondesign.com,Genderfluid,Human Resources,Environmental Tech,629
CUST17-6YP7,Rica,Roebuck,rroebuckhh@de.vu,Genderfluid,Product Management,Product Engineer,630
CUST12-0HQ1,Renie,Robert,rroberthi@t.co,Genderfluid,Sales,Geologist III,631
CUST98-3TB6,Orsa,Guerreiro,oguerreirohj@state.tx.us,Genderqueer,Engineering,Software Engineer II,632
CUST13-7XF4,Adams,Gumary,agumaryhk@yellowbook.com,Non-binary,Support,Payment Adjustment Coordinator,633
CUST65-1CB1,Morgan,Minichi,mminichihl@mysql.com,Genderfluid,Legal,Marketing Assistant,634
CUST80-8NT6,Lexis,Fontanet,lfontanethm@archive.org,Female,Engineering,Computer Systems Analyst II,635
CUST79-5OQ8,Ursula,Gilbee,ugilbeehn@samsung.com,Bigender,Product Management,Senior Financial Analyst,636
CUST04-4FN3,Morganne,Manske,mmanskeho@is.gd,Polygender,Business Development,Administrative Assistant IV,637
CUST35-3LM2,Kirstin,Gosnall,kgosnallhp@irs.gov,Bigender,Marketing,Design Engineer,638
CUST62-7ER0,Aurel,McGookin,amcgookinhq@chronoengine.com,Polygender,Training,Recruiter,639
CUST63-4MY2,Kora,O'Rafferty,koraffertyhr@reuters.com,Bigender,Business Development,Project Manager,640
CUST74-2PB7,Morley,Gosforth,mgosforthhs@techcrunch.com,Polygender,Accounting,GIS Technical Architect,641
CUST03-3VB4,Jackie,Paulazzi,jpaulazziht@walmart.com,Non-binary,Human Resources,General Manager,642
CUST44-4GM2,Vitoria,Danniell,vdanniellhu@e-recht24.de,Genderqueer,Product Management,VP Product Management,643
CUST74-0IJ1,Daron,Kienle,dkienlehv@myspace.com,Genderfluid,Training,Research Assistant IV,644
CUST24-2TE8,Georgy,Raper,graperhw@wikimedia.org,Genderqueer,Product Management,Account Representative IV,645
CUST45-1CA4,Inger,Perview,iperviewhx@histats.com,Polygender,Marketing,Registered Nurse,646
CUST41-3WF3,Aili,Peto,apetohy@theatlantic.com,Polygender,Support,Tax Accountant,647
CUST94-7ZN5,Keen,Gawen,kgawenhz@uol.com.br,Genderqueer,Legal,Account Coordinator,648
CUST13-5OD1,Mike,Edgeson,medgesoni0@w3.org,Agender,Accounting,Senior Editor,649
CUST56-7VZ3,Kasper,Essel,kesseli1@google.de,Bigender,Marketing,Structural Analysis Engineer,650
CUST34-3WG6,Karissa,Carmody,kcarmodyi2@surveymonkey.com,Non-binary,Engineering,Quality Engineer,651
CUST01-9HQ0,Carlotta,Jamblin,cjamblini3@wired.com,Bigender,Legal,Office Assistant IV,652
CUST29-1LY2,Adan,Finlason,afinlasoni4@bizjournals.com,Male,Human Resources,Technical Writer,653
CUST49-4KO6,Rudolfo,Garrow,rgarrowi5@a8.net,Genderqueer,Services,Web Developer III,654
CUST20-2ZO5,Alayne,Matijasevic,amatijasevici6@google.co.uk,Agender,Accounting,Graphic Designer,655
CUST06-8KZ3,Annetta,Zorzoni,azorzonii7@hibu.com,Bigender,Engineering,Legal Assistant,656
CUST12-4CO9,Leoline,Garnham,lgarnhami8@toplist.cz,Female,Research and Development,Project Manager,657
CUST31-9NR4,Deeyn,Mogra,dmograi9@netlog.com,Bigender,Business Development,Health Coach III,658
CUST31-7YO6,Janeva,Van Hault,jvanhaultia@addtoany.com,Genderfluid,Human Resources,Business Systems Development Analyst,659
CUST76-5DP5,Demetrius,Caren,dcarenib@facebook.com,Bigender,Training,Web Developer II,660
CUST83-7YS2,Marlo,Bromilow,mbromilowic@rambler.ru,Polygender,Accounting,Design Engineer,661
CUST63-6NT1,Ravid,Renney,rrenneyid@themeforest.net,Genderfluid,Research and Development,Associate Professor,662
CUST14-9UY9,Monique,Alker,malkerie@purevolume.com,Female,Human Resources,Registered Nurse,663
CUST86-6NT2,Jodie,Anthoney,janthoneyif@tripadvisor.com,Bigender,Engineering,Office Assistant III,664
CUST56-1LJ7,Keefe,Petticrew,kpetticrewig@pcworld.com,Bigender,Business Development,Software Engineer III,665
CUST90-5GC8,Laraine,Brownlee,lbrownleeih@spiegel.de,Genderfluid,Services,Office Assistant IV,666
CUST99-5MO1,Ilise,Dorow,idorowii@cpanel.net,Genderfluid,Support,Tax Accountant,667
CUST41-4BO9,Elroy,Plaid,eplaidij@woothemes.com,Genderqueer,Sales,Sales Representative,668
CUST02-6AW3,Coleman,Sprott,csprottik@narod.ru,Male,Support,Compensation Analyst,669
CUST28-5CA9,Gareth,Cinavas,gcinavasil@163.com,Non-binary,Services,Business Systems Development Analyst,670
CUST72-4JZ9,Garold,Yearnes,gyearnesim@hc360.com,Genderfluid,Legal,Professor,671
CUST72-5EY8,Denny,Galley,dgalleyin@ihg.com,Polygender,Product Management,Administrative Officer,672
CUST25-1IG6,Zelda,Sarrell,zsarrellio@google.de,Genderqueer,Training,Business Systems Development Analyst,673
CUST05-2NI7,Shae,Verrico,sverricoip@forbes.com,Agender,Support,Assistant Manager,674
CUST36-9XR6,Gisela,Treadaway,gtreadawayiq@reverbnation.com,Bigender,Sales,Assistant Media Planner,675
CUST86-5AV8,Binny,D' Angelo,bdangeloir@discovery.com,Agender,Accounting,Desktop Support Technician,676
CUST29-2ED8,Whitney,Bannell,wbannellis@kickstarter.com,Bigender,Accounting,Structural Engineer,677
CUST41-8CX1,Borden,Ells,bellsit@desdev.cn,Female,Product Management,Office Assistant II,678
CUST79-0VT5,Elvira,Veltman,eveltmaniu@blinklist.com,Genderqueer,Business Development,Graphic Designer,679
CUST01-3IN3,Tory,Brimfield,tbrimfieldiv@prlog.org,Polygender,Product Management,Clinical Specialist,680
CUST53-2RI5,Aeriel,Mapstone,amapstoneiw@reddit.com,Genderqueer,Training,Internal Auditor,681
CUST07-4AF6,Levy,Royan,lroyanix@scientificamerican.com,Non-binary,Accounting,Recruiter,682
CUST63-6AR3,Arlena,Kernaghan,akernaghaniy@google.fr,Genderqueer,Sales,Help Desk Technician,683
CUST89-2TH4,Willie,Mcasparan,wmcasparaniz@omniture.com,Agender,Accounting,Statistician I,684
CUST53-7SJ7,Desdemona,Tolchar,dtolcharj0@ameblo.jp,Genderqueer,Training,Compensation Analyst,685
CUST36-7HQ8,Sim,Revening,sreveningj1@bravesites.com,Bigender,Support,Information Systems Manager,686
CUST34-9IK4,Reggie,Sorsby,rsorsbyj2@ustream.tv,Male,Services,Analog Circuit Design manager,687
CUST58-7VO3,Moritz,Orchart,morchartj3@miibeian.gov.cn,Genderqueer,Business Development,General Manager,688
CUST71-1JM7,Emalia,Camamile,ecamamilej4@europa.eu,Non-binary,Support,Human Resources Assistant II,689
CUST05-9AZ7,Edgar,Coldman,ecoldmanj5@google.ru,Polygender,Legal,Analyst Programmer,690
CUST36-7TP3,Aloysia,Whitehurst,awhitehurstj6@issuu.com,Female,Human Resources,General Manager,691
CUST35-7VB2,Zia,Claypole,zclaypolej7@etsy.com,Genderfluid,Business Development,Compensation Analyst,692
CUST01-4JX8,Merell,Eadmeades,meadmeadesj8@paginegialle.it,Agender,Engineering,Legal Assistant,693
CUST76-0CH1,Cammi,Grayland,cgraylandj9@foxnews.com,Agender,Product Management,Librarian,694
CUST54-9NZ6,Una,Sterricks,usterricksja@quantcast.com,Agender,Legal,Associate Professor,695
CUST49-8CP6,Annecorinne,Muzzollo,amuzzollojb@imdb.com,Genderqueer,Support,Human Resources Assistant III,696
CUST09-5KM1,Cord,Mival,cmivaljc@who.int,Polygender,Legal,Computer Systems Analyst II,697
CUST28-9CS9,Edithe,Putton,eputtonjd@dailymotion.com,Polygender,Business Development,Sales Representative,698
CUST73-6RF3,Nanci,Budibent,nbudibentje@thetimes.co.uk,Male,Marketing,Recruiter,699
CUST20-5XH4,Adriane,MacCarrick,amaccarrickjf@lycos.com,Male,Legal,Marketing Manager,700
CUST68-7KQ3,Opaline,Doak,odoakjg@hp.com,Bigender,Product Management,Programmer Analyst II,701
CUST43-2JI4,Aurelea,Rame,aramejh@about.com,Genderfluid,Sales,Human Resources Assistant II,702
CUST50-4RF1,Kleon,Vern,kvernji@cloudflare.com,Bigender,Product Management,Research Associate,703
CUST83-3LG1,Libbie,Warrior,lwarriorjj@oakley.com,Male,Support,Structural Engineer,704
CUST30-6UR9,Murry,McLurg,mmclurgjk@wikimedia.org,Non-binary,Marketing,Web Developer II,705
CUST33-3DE2,Cammi,Bliss,cblissjl@free.fr,Genderqueer,Marketing,Assistant Media Planner,706
CUST34-6BI1,Petronille,Sanderson,psandersonjm@wired.com,Polygender,Sales,Chief Design Engineer,707
CUST55-1VI4,Jedediah,Swiggs,jswiggsjn@patch.com,Genderfluid,Human Resources,Assistant Professor,708
CUST62-0HS4,Jamie,Wordington,jwordingtonjo@live.com,Male,Business Development,Environmental Tech,709
CUST85-6UN9,Catharina,Hedditeh,chedditehjp@mail.ru,Polygender,Services,Tax Accountant,710
CUST04-8NO6,Cyndy,Piatkowski,cpiatkowskijq@unc.edu,Polygender,Training,Sales Associate,711
CUST40-7NF3,Gerri,Pyford,gpyfordjr@eventbrite.com,Agender,Sales,Software Engineer III,712
CUST31-2JP9,Etienne,Sydenham,esydenhamjs@ning.com,Bigender,Product Management,Analyst Programmer,713
CUST80-4RG0,Ada,Cockrell,acockrelljt@ed.gov,Male,Marketing,Human Resources Assistant IV,714
CUST64-8QN5,Bernita,O'Neil,boneilju@pen.io,Male,Research and Development,Recruiting Manager,715
CUST49-8VG8,Lazare,Vanyushin,lvanyushinjv@goo.gl,Genderqueer,Engineering,Administrative Officer,716
CUST25-2FL1,Bevon,Yeardley,byeardleyjw@auda.org.au,Polygender,Business Development,Community Outreach Specialist,717
CUST26-2HL3,Marian,Bosenworth,mbosenworthjx@hud.gov,Non-binary,Marketing,Assistant Media Planner,718
CUST92-6FE4,Felicia,Werny,fwernyjy@si.edu,Genderfluid,Sales,Quality Control Specialist,719
CUST82-1DZ5,Alexis,Edgerley,aedgerleyjz@last.fm,Male,Engineering,Account Coordinator,720
CUST41-4AU7,Wynn,Sydney,wsydneyk0@reddit.com,Agender,Research and Development,Budget/Accounting Analyst III,721
CUST15-5MO8,Kenton,Sinott,ksinottk1@gizmodo.com,Bigender,Business Development,Web Designer I,722
CUST72-1HE1,Lock,Wolters,lwoltersk2@example.com,Non-binary,Engineering,Research Assistant I,723
CUST64-2OR0,Micah,Grafom,mgrafomk3@techcrunch.com,Genderqueer,Human Resources,Recruiting Manager,724
CUST16-9IH3,Reeva,Mephan,rmephank4@microsoft.com,Male,Accounting,Electrical Engineer,725
CUST53-3ST8,Henrik,Marrow,hmarrowk5@goo.ne.jp,Polygender,Business Development,General Manager,726
CUST24-8OK7,Ginevra,Cammis,gcammisk6@sina.com.cn,Bigender,Accounting,Sales Associate,727
CUST47-9YL4,Imogen,Rosbotham,irosbothamk7@liveinternet.ru,Bigender,Product Management,Social Worker,728
CUST59-9PA9,Stacie,Pohling,spohlingk8@irs.gov,Genderqueer,Business Development,Health Coach III,729
CUST05-3HL3,Berke,Simonini,bsimoninik9@slate.com,Genderqueer,Research and Development,Account Coordinator,730
CUST69-2PX6,Olivero,Reame,oreameka@tuttocitta.it,Genderfluid,Accounting,Registered Nurse,731
CUST30-0CW9,Cody,Sparhawk,csparhawkkb@fc2.com,Non-binary,Sales,Accountant I,732
CUST90-9LZ2,Alysia,Iczokvitz,aiczokvitzkc@gnu.org,Genderqueer,Research and Development,Account Coordinator,733
CUST25-6CL9,Dniren,Walesa,dwalesakd@theguardian.com,Genderfluid,Engineering,Account Representative III,734
CUST63-5WQ6,Dyanna,McPhee,dmcpheeke@ask.com,Agender,Support,Senior Sales Associate,735
CUST44-9EP2,Reggie,Antonomoli,rantonomolikf@guardian.co.uk,Bigender,Legal,Quality Control Specialist,736
CUST14-6RQ0,Lucho,Gomar,lgomarkg@hexun.com,Agender,Marketing,Software Consultant,737
CUST53-0VL8,Lauree,Alton,laltonkh@google.co.jp,Male,Research and Development,Database Administrator IV,738
CUST10-6DL0,Oliviero,Calken,ocalkenki@bravesites.com,Non-binary,Research and Development,Safety Technician IV,739
CUST13-7VS7,Mireille,Comar,mcomarkj@geocities.com,Agender,Business Development,General Manager,740
CUST62-1ZH7,Nollie,Muschette,nmuschettekk@opensource.org,Polygender,Engineering,Information Systems Manager,741
CUST48-6SY3,Ursula,Blades,ubladeskl@harvard.edu,Genderqueer,Services,Account Coordinator,742
CUST95-7ZF4,Patin,Mateescu,pmateescukm@deliciousdays.com,Bigender,Sales,VP Accounting,743
CUST09-9JY7,Kore,Yule,kyulekn@army.mil,Bigender,Engineering,Teacher,744
CUST58-5XL0,Alethea,Lemary,alemaryko@ibm.com,Bigender,Sales,General Manager,745
CUST40-0TV1,Mendy,Whissell,mwhissellkp@scribd.com,Genderqueer,Human Resources,Chemical Engineer,746
CUST86-4GJ7,Ida,Mallabund,imallabundkq@is.gd,Male,Product Management,VP Marketing,747
CUST43-2AJ4,Gussie,Jopson,gjopsonkr@1688.com,Bigender,Support,Marketing Assistant,748
CUST71-8DG5,Coraline,Sheldrick,csheldrickks@blogger.com,Polygender,Legal,Structural Analysis Engineer,749
CUST27-5GA1,Christopher,Iacomi,ciacomikt@dell.com,Agender,Sales,Help Desk Technician,750
CUST12-0IH1,Doyle,Sturton,dsturtonku@biglobe.ne.jp,Bigender,Accounting,Software Engineer IV,751
CUST75-9RF4,Shawnee,Nussey,snusseykv@miibeian.gov.cn,Male,Legal,Occupational Therapist,752
CUST69-0CV8,Saleem,Sygrove,ssygrovekw@miitbeian.gov.cn,Genderfluid,Sales,Research Nurse,753
CUST82-0XZ4,Evanne,Jerosch,ejeroschkx@etsy.com,Genderqueer,Human Resources,Structural Engineer,754
CUST74-2YU5,Marcellus,Miell,mmiellky@biblegateway.com,Bigender,Training,Research Associate,755
CUST11-6KV4,Billie,Warstall,bwarstallkz@aol.com,Bigender,Services,Director of Sales,756
CUST00-7JA7,Gisela,Brute,gbrutel0@pbs.org,Bigender,Engineering,Office Assistant IV,757
CUST53-8VR7,Orton,Jirusek,ojirusekl1@hostgator.com,Male,Accounting,Environmental Tech,758
CUST30-9UM5,Kellby,Gusney,kgusneyl2@wix.com,Non-binary,Support,VP Sales,759
CUST90-4LM0,Dolph,Kellie,dkelliel3@goo.ne.jp,Genderqueer,Sales,Statistician IV,760
CUST81-1EC2,Leoine,Hanratty,lhanrattyl4@techcrunch.com,Bigender,Research and Development,Recruiter,761
CUST81-9DG1,Lucky,Lethem,lletheml5@hc360.com,Polygender,Sales,Product Engineer,762
CUST09-1BR4,Ailey,Dalgarnowch,adalgarnowchl6@google.com.au,Female,Engineering,Payment Adjustment Coordinator,763
CUST64-2TR3,Sadella,Ledamun,sledamunl7@imageshack.us,Bigender,Sales,Senior Quality Engineer,764
CUST04-7TF7,Cathlene,Ellery,celleryl8@last.fm,Female,Training,Software Engineer I,765
CUST16-2TS7,Lilly,Escalante,lescalantel9@soundcloud.com,Bigender,Human Resources,GIS Technical Architect,766
CUST61-6WR9,Tyson,Muslim,tmuslimla@exblog.jp,Non-binary,Marketing,Account Representative III,767
CUST85-2RP7,Benjy,Burgin,bburginlb@typepad.com,Genderfluid,Support,Senior Developer,768
CUST95-8JS5,Lawton,Mazella,lmazellalc@ycombinator.com,Agender,Research and Development,Staff Scientist,769
CUST37-3JV0,Joete,Oleszkiewicz,joleszkiewiczld@bing.com,Genderfluid,Training,Chemical Engineer,770
CUST28-4HE9,Krisha,Threadgall,kthreadgallle@paginegialle.it,Male,Product Management,Software Engineer I,771
CUST57-6YB1,Yolanda,Orro,yorrolf@angelfire.com,Female,Business Development,Mechanical Systems Engineer,772
CUST29-0BE6,Guenna,Fritz,gfritzlg@hatena.ne.jp,Female,Human Resources,Research Nurse,773
CUST65-4CN8,Chandal,Fendt,cfendtlh@slideshare.net,Non-binary,Training,Dental Hygienist,774
CUST65-1NH5,Ad,O'Crevy,aocrevyli@sphinn.com,Non-binary,Human Resources,Automation Specialist IV,775
CUST96-7KF1,Hettie,Dunwoody,hdunwoodylj@spotify.com,Male,Engineering,Web Developer IV,776
CUST48-7RG3,Norby,Somerbell,nsomerbelllk@bandcamp.com,Genderqueer,Human Resources,Cost Accountant,777
CUST45-2TY9,Reggis,Bennen,rbennenll@wisc.edu,Polygender,Services,Associate Professor,778
CUST79-5UO8,Steffi,Prazer,sprazerlm@google.fr,Agender,Engineering,Professor,779
CUST68-4TH5,Ariella,Butchard,abutchardln@creativecommons.org,Female,Product Management,Editor,780
CUST70-8HF1,Leandra,Hunston,lhunstonlo@wikia.com,Polygender,Support,Help Desk Technician,781
CUST03-1GR8,Derwin,Brake,dbrakelp@biglobe.ne.jp,Male,Human Resources,Structural Analysis Engineer,782
CUST96-4CN8,Claire,Alldred,calldredlq@topsy.com,Bigender,Accounting,Chemical Engineer,783
CUST94-1QG5,Anna-diana,Geldeard,ageldeardlr@about.com,Genderfluid,Legal,Actuary,784
CUST30-6QQ0,Coral,Petersen,cpetersenls@1und1.de,Genderfluid,Sales,Senior Cost Accountant,785
CUST83-9DO4,Zsazsa,Critcher,zcritcherlt@skyrock.com,Polygender,Accounting,Environmental Tech,786
CUST37-1PL0,Alano,Mechan,amechanlu@nhs.uk,Bigender,Services,Data Coordiator,787
CUST34-5RI1,Romola,Beushaw,rbeushawlv@last.fm,Genderqueer,Human Resources,Professor,788
CUST03-3XJ0,Micki,Fardo,mfardolw@arizona.edu,Polygender,Legal,Nuclear Power Engineer,789
CUST38-9LU1,Norina,Reaveley,nreaveleylx@github.io,Genderfluid,Business Development,Paralegal,790
CUST38-9AI1,Chrotoem,Tanser,ctanserly@networkadvertising.org,Polygender,Human Resources,Civil Engineer,791
CUST21-7QO6,Devland,Sheward,dshewardlz@multiply.com,Bigender,Engineering,Administrative Officer,792
CUST01-8GL4,Bevan,Josebury,bjoseburym0@desdev.cn,Polygender,Support,Marketing Manager,793
CUST88-4SI0,Poul,Widmore,pwidmorem1@techcrunch.com,Agender,Business Development,GIS Technical Architect,794
CUST96-2IL4,Craggy,Frederick,cfrederickm2@auda.org.au,Non-binary,Accounting,Recruiter,795
CUST73-3SC2,Tadeo,Saberton,tsabertonm3@deviantart.com,Genderqueer,Legal,Marketing Manager,796
CUST94-0LW0,Reggie,Jilliss,rjillissm4@ted.com,Bigender,Human Resources,VP Sales,797
CUST88-8ZS1,Velvet,Testro,vtestrom5@springer.com,Genderqueer,Support,Director of Sales,798
CUST08-9KE8,Ginni,Dishman,gdishmanm6@si.edu,Male,Services,Assistant Media Planner,799
CUST77-6IE6,Codee,Ure,curem7@people.com.cn,Non-binary,Support,Chemical Engineer,800
CUST03-6KI8,Marve,Slimme,mslimmem8@furl.net,Female,Support,Graphic Designer,801
CUST38-2IE7,Kurtis,Faherty,kfahertym9@youtube.com,Non-binary,Engineering,Legal Assistant,802
CUST61-3HV1,Lanna,Paris,lparisma@tripod.com,Genderqueer,Human Resources,Senior Quality Engineer,803
CUST56-8OK7,Annis,Dripp,adrippmb@examiner.com,Bigender,Engineering,Structural Analysis Engineer,804
CUST53-0FE2,Della,Singleton,dsingletonmc@mayoclinic.com,Male,Research and Development,Senior Quality Engineer,805
CUST41-5ET6,Glenine,Gaven,ggavenmd@netvibes.com,Genderfluid,Human Resources,Research Nurse,806
CUST67-1IG5,Jacques,Racine,jracineme@hatena.ne.jp,Genderqueer,Product Management,Sales Representative,807
CUST20-4IN5,Madelena,Marsie,mmarsiemf@si.edu,Male,Support,Help Desk Operator,808
CUST15-6SU6,Duncan,Pierrepoint,dpierrepointmg@si.edu,Non-binary,Accounting,Physical Therapy Assistant,809
CUST42-7HX3,Angelica,Hobson,ahobsonmh@elpais.com,Non-binary,Legal,Payment Adjustment Coordinator,810
CUST21-9XH7,Yelena,Kisbee,ykisbeemi@github.io,Male,Sales,Executive Secretary,811
CUST55-4TF9,Ive,Van Arsdale,ivanarsdalemj@utexas.edu,Genderqueer,Sales,Executive Secretary,812
CUST35-1UR6,Dominic,Payler,dpaylermk@psu.edu,Bigender,Human Resources,VP Product Management,813
CUST95-5QE6,Corrina,Meach,cmeachml@istockphoto.com,Polygender,Legal,Engineer I,814
CUST93-4YD2,Essy,Groome,egroomemm@bloomberg.com,Non-binary,Human Resources,Assistant Professor,815
CUST00-3TA0,Jacqueline,Powell,jpowellmn@harvard.edu,Female,Legal,Software Test Engineer III,816
CUST97-9NE1,Darnall,Kilby,dkilbymo@desdev.cn,Bigender,Legal,Programmer Analyst I,817
CUST35-3UH0,Crin,Eland,celandmp@goo.gl,Polygender,Legal,Clinical Specialist,818
CUST33-3OY8,Montague,Rathmell,mrathmellmq@wisc.edu,Genderfluid,Sales,Structural Analysis Engineer,819
CUST52-0EO7,Ludovico,Ryott,lryottmr@sohu.com,Male,Research and Development,Analyst Programmer,820
CUST93-4KM8,Nichols,Mitchely,nmitchelyms@msu.edu,Polygender,Product Management,Food Chemist,821
CUST42-0RP0,Susana,Ordemann,sordemannmt@seesaa.net,Agender,Support,Administrative Officer,822
CUST98-4GR6,Sara,Colvie,scolviemu@sciencedirect.com,Bigender,Training,Web Designer IV,823
CUST71-5AU8,Alta,Snozzwell,asnozzwellmv@china.com.cn,Agender,Legal,Budget/Accounting Analyst IV,824
CUST48-0BK7,Lothario,Leivers,lleiversmw@elegantthemes.com,Female,Human Resources,VP Marketing,825
CUST02-0NK6,Beryle,Needham,bneedhammx@arstechnica.com,Agender,Sales,Design Engineer,826
CUST16-9QD4,Patti,Duckfield,pduckfieldmy@imdb.com,Genderqueer,Engineering,GIS Technical Architect,827
CUST96-9YT5,Amaleta,Bridel,abridelmz@whitehouse.gov,Genderqueer,Engineering,Structural Analysis Engineer,828
CUST42-3GI7,Allie,Prandi,aprandin0@huffingtonpost.com,Bigender,Business Development,VP Quality Control,829
CUST29-9TF5,Christel,Whiskin,cwhiskinn1@homestead.com,Genderfluid,Services,Human Resources Manager,830
CUST32-8DM9,Antonina,Rutley,arutleyn2@bbb.org,Genderqueer,Accounting,Editor,831
CUST66-2NN8,Fidel,Malling,fmallingn3@nhs.uk,Polygender,Business Development,Junior Executive,832
CUST71-5QC2,Evonne,Macak,emacakn4@vkontakte.ru,Male,Human Resources,Staff Accountant II,833
CUST62-5EW4,Ber,Tellenbroker,btellenbrokern5@ycombinator.com,Agender,Accounting,Sales Representative,834
CUST66-3BE1,Chickie,Molesworth,cmolesworthn6@furl.net,Agender,Accounting,Office Assistant IV,835
CUST64-2SO8,Aldo,Hanvey,ahanveyn7@ed.gov,Male,Accounting,Editor,836
CUST43-7FK1,Gwenette,McLoney,gmcloneyn8@dagondesign.com,Agender,Sales,Structural Analysis Engineer,837
CUST71-7IU7,Brooke,Tunnicliff,btunnicliffn9@biblegateway.com,Bigender,Sales,Desktop Support Technician,838
CUST13-1DW4,Brigg,Knobell,bknobellna@php.net,Bigender,Human Resources,Assistant Media Planner,839
CUST26-4DJ7,Matelda,Eakeley,meakeleynb@washington.edu,Genderfluid,Research and Development,Cost Accountant,840
CUST50-0LI8,Carolann,Rickardsson,crickardssonnc@t.co,Bigender,Training,Professor,841
CUST91-3JY0,Onfroi,Parish,oparishnd@dell.com,Female,Accounting,Research Associate,842
CUST46-9IA9,Faustina,Fullard,ffullardne@ihg.com,Non-binary,Services,Programmer Analyst IV,843
CUST66-0NM7,Ardyth,Martynov,amartynovnf@yellowpages.com,Bigender,Legal,Systems Administrator III,844
CUST42-0BW4,Corenda,McKitterick,cmckitterickng@blogspot.com,Female,Support,Software Test Engineer III,845
CUST11-5WV7,Rikki,Stairs,rstairsnh@elpais.com,Non-binary,Engineering,Geological Engineer,846
CUST79-5XG2,Randal,Margrem,rmargremni@g.co,Genderqueer,Business Development,Analyst Programmer,847
CUST83-4HL2,Kass,Beeres,kbeeresnj@ebay.co.uk,Non-binary,Sales,Structural Analysis Engineer,848
CUST11-6VG8,Ethelred,Wall,ewallnk@devhub.com,Non-binary,Research and Development,Quality Control Specialist,849
CUST41-0JD3,Teri,Kasting,tkastingnl@ox.ac.uk,Non-binary,Accounting,Safety Technician IV,850
CUST96-7VW2,Tremain,Siggs,tsiggsnm@typepad.com,Genderfluid,Support,Software Consultant,851
CUST92-3NO0,Duky,Stenett,dstenettnn@uiuc.edu,Male,Training,Human Resources Manager,852
CUST66-3DK0,Sallie,Anstice,sansticeno@elegantthemes.com,Genderfluid,Training,VP Marketing,853
CUST19-3AC8,Fiorenze,Tarbard,ftarbardnp@springer.com,Agender,Sales,Data Coordiator,854
CUST17-3WX5,Nalani,Weighell,nweighellnq@ca.gov,Bigender,Training,Staff Scientist,855
CUST03-1BG0,Bernardine,Espinoza,bespinozanr@bloglines.com,Agender,Research and Development,Teacher,856
CUST91-5GQ0,Edvard,MacAirt,emacairtns@nih.gov,Male,Accounting,Registered Nurse,857
CUST74-3CY6,Nelly,Coalburn,ncoalburnnt@statcounter.com,Female,Accounting,Actuary,858
CUST92-9QJ4,Trumann,Bonde,tbondenu@hatena.ne.jp,Genderfluid,Legal,Physical Therapy Assistant,859
CUST77-7LY4,Eloise,Ellor,eellornv@php.net,Female,Training,Dental Hygienist,860
CUST41-5MW7,Cassie,Habron,chabronnw@prlog.org,Polygender,Product Management,Project Manager,861
CUST88-5WY3,Marybelle,Castletine,mcastletinenx@ted.com,Female,Accounting,Recruiting Manager,862
CUST67-1ZK5,Aggie,Yerill,ayerillny@yahoo.co.jp,Agender,Support,Senior Editor,863
CUST22-9LR2,Tony,Alday,taldaynz@dion.ne.jp,Male,Services,Geological Engineer,864
CUST80-9DT8,Maximilien,Crowcum,mcrowcumo0@vk.com,Genderqueer,Training,Database Administrator III,865
CUST02-0DO8,Cynthie,Lansdowne,clansdowneo1@cargocollective.com,Agender,Services,Nurse,866
CUST91-1MG4,Kathe,Warlow,kwarlowo2@ebay.co.uk,Female,Accounting,Recruiting Manager,867
CUST51-5NL2,Jacki,Howarth,jhowartho3@buzzfeed.com,Non-binary,Legal,Assistant Manager,868
CUST06-1XD9,Emmit,Pavinese,epavineseo4@guardian.co.uk,Genderfluid,Product Management,Graphic Designer,869
CUST59-1RW0,Tucky,Gianetti,tgianettio5@netvibes.com,Female,Engineering,Computer Systems Analyst II,870
CUST18-0JU6,Jedidiah,Rougier,jrougiero6@lycos.com,Genderqueer,Sales,Staff Scientist,871
CUST94-9RY2,Torrance,Whatley,twhatleyo7@about.com,Female,Sales,Human Resources Assistant III,872
CUST49-1IG1,Kata,Grasser,kgrassero8@springer.com,Male,Engineering,Web Designer II,873
CUST59-7ML7,Zach,Mullenger,zmullengero9@arstechnica.com,Genderqueer,Human Resources,Help Desk Operator,874
CUST41-1IL3,Berta,Ronisch,bronischoa@posterous.com,Male,Sales,Nurse Practicioner,875
CUST29-3AV2,Shurlock,Rival,srivalob@cbc.ca,Non-binary,Services,Environmental Tech,876
CUST40-3SZ6,Vern,Van Halen,vvanhalenoc@dyndns.org,Non-binary,Research and Development,Nurse,877
CUST42-6KF1,Devan,de Marco,ddemarcood@merriam-webster.com,Genderfluid,Services,Accounting Assistant I,878
CUST97-9FZ9,Billy,Jukubczak,bjukubczakoe@yandex.ru,Polygender,Training,Web Designer II,879
CUST90-1WG4,Corine,Cheley,ccheleyof@de.vu,Female,Legal,Software Consultant,880
CUST39-5JS9,Sabrina,Pryell,spryellog@wikimedia.org,Female,Services,Software Consultant,881
CUST11-4VD5,Walton,Sayre,wsayreoh@mozilla.org,Genderfluid,Accounting,Physical Therapy Assistant,882
CUST54-5VX0,Robbert,Waker,rwakeroi@wordpress.org,Bigender,Marketing,Account Executive,883
CUST17-9YE0,Roana,Hanshawe,rhanshaweoj@usa.gov,Male,Human Resources,Health Coach III,884
CUST52-8RN9,Roanne,Suggett,rsuggettok@tumblr.com,Polygender,Human Resources,Administrative Officer,885
CUST18-6MO5,Hollie,Papa,hpapaol@instagram.com,Polygender,Legal,Software Test Engineer II,886
CUST18-7UW4,Lorant,Tams,ltamsom@people.com.cn,Non-binary,Product Management,Social Worker,887
CUST55-3KD5,Isac,Cunningham,icunninghamon@phpbb.com,Non-binary,Support,Dental Hygienist,888
CUST60-6JK5,Carney,Cowcha,ccowchaoo@umich.edu,Bigender,Product Management,Senior Developer,889
CUST71-9OK0,Bealle,Isaq,bisaqop@tinyurl.com,Polygender,Sales,Programmer II,890
CUST30-7CS5,Northrup,Pealing,npealingoq@topsy.com,Female,Sales,Actuary,891
CUST08-8IA4,Kiah,Sumbler,ksumbleror@usa.gov,Genderqueer,Accounting,Structural Analysis Engineer,892
CUST58-4BN7,Lenka,Kunrad,lkunrados@google.nl,Genderqueer,Marketing,Budget/Accounting Analyst III,893
CUST64-8WR4,Araldo,Varlow,avarlowot@ucla.edu,Genderfluid,Training,Environmental Specialist,894
CUST12-5VL7,Breanne,Cramp,bcrampou@youku.com,Male,Engineering,Actuary,895
CUST40-6SB9,Pieter,Walliker,pwallikerov@guardian.co.uk,Genderqueer,Research and Development,Project Manager,896
CUST80-4VT4,Ivory,Rushton,irushtonow@symantec.com,Bigender,Accounting,Programmer Analyst IV,897
CUST02-7LA7,Grayce,Mawby,gmawbyox@dailymail.co.uk,Non-binary,Research and Development,Developer II,898
CUST29-9YH9,Alexis,Avrahamov,aavrahamovoy@prlog.org,Genderfluid,Marketing,Account Coordinator,899
CUST18-5IL5,Harmon,Blagden,hblagdenoz@mozilla.org,Genderfluid,Product Management,GIS Technical Architect,900
CUST51-3EJ4,Codi,Cuskery,ccuskeryp0@squarespace.com,Female,Support,Chemical Engineer,901
CUST10-8RI8,Dee,Dishman,ddishmanp1@biblegateway.com,Polygender,Research and Development,VP Product Management,902
CUST75-9VK7,Ruttger,Le Fleming,rleflemingp2@slate.com,Agender,Engineering,Budget/Accounting Analyst III,903
CUST44-7ZQ4,Deck,Figgs,dfiggsp3@hexun.com,Genderfluid,Human Resources,Senior Sales Associate,904
CUST93-1QH8,Philis,Seddon,pseddonp4@nyu.edu,Non-binary,Human Resources,Legal Assistant,905
CUST69-1IE7,Issiah,Crinion,icrinionp5@wikimedia.org,Female,Support,Research Nurse,906
CUST98-8AR9,Nora,Jess,njessp6@spiegel.de,Male,Human Resources,Senior Cost Accountant,907
CUST20-3NK2,Tracy,Blaver,tblaverp7@webeden.co.uk,Bigender,Sales,Software Consultant,908
CUST52-1IQ5,Lizabeth,Sykora,lsykorap8@usda.gov,Genderqueer,Services,Web Developer I,909
CUST04-5ZN6,Fredelia,Champniss,fchampnissp9@bloglines.com,Female,Marketing,Research Nurse,910
CUST59-2US8,Sigvard,Woolley,swoolleypa@eepurl.com,Male,Training,Project Manager,911
CUST27-8SZ9,Tonnie,O'Nion,tonionpb@nhs.uk,Genderfluid,Legal,Structural Engineer,912
CUST06-7WX5,Hamnet,Gypps,hgyppspc@purevolume.com,Bigender,Business Development,Financial Analyst,913
CUST40-4OP4,Torre,Gallafant,tgallafantpd@huffingtonpost.com,Bigender,Training,Human Resources Manager,914
CUST89-4QB9,Ewan,Maffucci,emaffuccipe@csmonitor.com,Genderfluid,Services,Research Nurse,915
CUST61-6AT4,Phillis,Gaze,pgazepf@bloglovin.com,Non-binary,Accounting,Registered Nurse,916
CUST07-7VP8,Gib,Iorizzi,giorizzipg@freewebs.com,Bigender,Legal,Human Resources Manager,917
CUST61-6MD4,Rik,Petrovic,rpetrovicph@examiner.com,Agender,Product Management,Software Consultant,918
CUST35-0FW3,Deanna,Elderidge,delderidgepi@elpais.com,Genderfluid,Services,Speech Pathologist,919
CUST59-5LM9,Wallis,Fishburn,wfishburnpj@scientificamerican.com,Male,Training,VP Marketing,920
CUST31-1ZF8,Delcine,Fosh,dfoshpk@springer.com,Male,Support,Occupational Therapist,921
CUST70-2HS2,Caitlin,Brikner,cbriknerpl@businesswire.com,Non-binary,Training,Registered Nurse,922
CUST14-4LW6,Sibyl,Skalls,sskallspm@google.com.hk,Genderfluid,Product Management,Developer I,923
CUST35-9AX8,Elvis,Rangell,erangellpn@loc.gov,Genderqueer,Engineering,Dental Hygienist,924
CUST65-1YO2,Shae,Orrom,sorrompo@odnoklassniki.ru,Bigender,Marketing,Desktop Support Technician,925
CUST30-6US5,Parrnell,Hamblett,phamblettpp@google.fr,Bigender,Services,Account Executive,926
CUST74-4ZZ8,Ginnie,Kolodziej,gkolodziejpq@state.tx.us,Female,Engineering,Human Resources Manager,927
CUST13-2CT1,Percival,Sivil,psivilpr@wikispaces.com,Male,Services,Librarian,928
CUST45-4QK2,Nalani,Alwen,nalwenps@google.it,Agender,Support,Librarian,929
CUST88-4AB1,Dyan,Laurentino,dlaurentinopt@github.com,Agender,Human Resources,Recruiter,930
CUST89-7VR7,Fitzgerald,Hackforth,fhackforthpu@ezinearticles.com,Genderqueer,Training,Human Resources Manager,931
CUST75-4TJ8,Dino,McKleod,dmckleodpv@nytimes.com,Female,Services,Biostatistician IV,932
CUST69-4FW2,Derron,July,djulypw@shutterfly.com,Polygender,Support,Sales Associate,933
CUST29-9ZF4,Moises,Cortez,mcortezpx@washingtonpost.com,Male,Support,Analyst Programmer,934
CUST85-4LV4,Denver,Wybern,dwybernpy@flavors.me,Bigender,Services,Physical Therapy Assistant,935
CUST02-5UJ5,Gerik,Daley,gdaleypz@chicagotribune.com,Polygender,Accounting,Accountant III,936
CUST22-1BB6,Suzy,Instone,sinstoneq0@cnn.com,Male,Sales,Statistician II,937
CUST45-4EG4,Del,McGurgan,dmcgurganq1@skype.com,Male,Support,Biostatistician IV,938
CUST12-4KO9,Wheeler,Cantillion,wcantillionq2@theglobeandmail.com,Genderfluid,Marketing,Health Coach I,939
CUST68-4WF7,Jakie,Karczinski,jkarczinskiq3@tripod.com,Genderqueer,Training,Senior Editor,940
CUST64-9CK8,De witt,Amorts,damortsq4@ebay.com,Female,Product Management,Librarian,941
CUST36-1FR5,Ema,Spillane,espillaneq5@bbc.co.uk,Polygender,Research and Development,Quality Control Specialist,942
CUST80-7NG6,Lindsay,Ekell,lekellq6@weibo.com,Male,Training,Help Desk Operator,943
CUST30-1AF6,Brigit,Gaytor,bgaytorq7@w3.org,Male,Product Management,Database Administrator IV,944
CUST96-4PN5,Ursulina,Bleasby,ubleasbyq8@google.it,Agender,Research and Development,Senior Editor,945
CUST65-7FX9,Pryce,Stanluck,pstanluckq9@google.com,Bigender,Sales,Assistant Manager,946
CUST35-5VY4,Jeremy,Marchand,jmarchandqa@jugem.jp,Bigender,Engineering,Cost Accountant,947
CUST34-9EI1,Mart,Blasl,mblaslqb@geocities.jp,Genderfluid,Business Development,Financial Advisor,948
CUST11-4MA7,Ophelia,Boate,oboateqc@geocities.jp,Female,Engineering,Civil Engineer,949
CUST58-1ZW2,Berky,Colnet,bcolnetqd@stanford.edu,Polygender,Sales,Business Systems Development Analyst,950
CUST79-9JX7,Itch,Turrell,iturrellqe@telegraph.co.uk,Genderqueer,Product Management,Sales Associate,951
CUST82-4MT0,Julie,Badcock,jbadcockqf@symantec.com,Agender,Accounting,Chief Design Engineer,952
CUST82-1BX8,Barbee,Ackeroyd,backeroydqg@zdnet.com,Bigender,Business Development,Technical Writer,953
CUST71-2OJ6,Torrey,Coldman,tcoldmanqh@drupal.org,Non-binary,Product Management,Financial Analyst,954
CUST75-3ND9,Cymbre,MacGorman,cmacgormanqi@sbwire.com,Non-binary,Business Development,Chemical Engineer,955
CUST58-3GP6,Kass,Spridgen,kspridgenqj@multiply.com,Agender,Product Management,Developer I,956
CUST59-9VS1,Rodie,Balnave,rbalnaveqk@weibo.com,Genderfluid,Support,Senior Financial Analyst,957
CUST30-8MY5,Alexine,Deacon,adeaconql@wikipedia.org,Non-binary,Human Resources,Desktop Support Technician,958
CUST64-8NQ8,Randolph,Yard,ryardqm@webnode.com,Male,Sales,Administrative Assistant II,959
CUST78-2MP0,Joellyn,Jordin,jjordinqn@feedburner.com,Genderqueer,Marketing,Systems Administrator II,960
CUST37-5WL0,Jerome,Sainsberry,jsainsberryqo@lycos.com,Polygender,Product Management,Account Coordinator,961
CUST56-0KE0,Caryl,Abbis,cabbisqp@dot.gov,Agender,Marketing,Sales Representative,962
CUST63-8PL9,Tim,Frisdick,tfrisdickqq@howstuffworks.com,Non-binary,Training,Senior Editor,963
CUST45-6FP2,Binny,Antcliff,bantcliffqr@alexa.com,Female,Marketing,Chief Design Engineer,964
CUST39-7IV5,Jeremias,Ogilvie,jogilvieqs@facebook.com,Male,Research and Development,Assistant Professor,965
CUST17-9UO7,Gregory,Dutnell,gdutnellqt@ask.com,Genderqueer,Business Development,Research Nurse,966
CUST11-1HL5,Barri,Brealey,bbrealeyqu@lycos.com,Genderqueer,Services,Legal Assistant,967
CUST94-3HW4,Vera,Watts,vwattsqv@tripod.com,Polygender,Marketing,Financial Analyst,968
CUST92-7UM7,Shel,Everiss,severissqw@mapquest.com,Genderfluid,Accounting,Systems Administrator II,969
CUST74-7SB9,Katleen,Smethurst,ksmethurstqx@w3.org,Non-binary,Marketing,VP Marketing,970
CUST17-8JK0,Ivor,Dobbin,idobbinqy@slideshare.net,Bigender,Research and Development,VP Sales,971
CUST51-6UJ2,Jolene,Whether,jwhetherqz@goo.gl,Bigender,Research and Development,Administrative Assistant II,972
CUST59-0CX2,Alard,O'Day,aodayr0@mtv.com,Genderfluid,Sales,Media Manager I,973
CUST71-9QQ2,Odessa,Jumonet,ojumonetr1@tiny.cc,Male,Human Resources,Financial Advisor,974
CUST58-1ZD8,Valentia,Ronaghan,vronaghanr2@instagram.com,Agender,Training,Account Representative II,975
CUST71-5JY7,Elsinore,Cosens,ecosensr3@howstuffworks.com,Male,Product Management,Occupational Therapist,976
CUST86-0VN2,Mohandas,Kitchingham,mkitchinghamr4@shinystat.com,Bigender,Legal,Staff Scientist,977
CUST90-2YH3,Kris,Crevy,kcrevyr5@spiegel.de,Genderfluid,Sales,Social Worker,978
CUST70-3HX1,Jamison,Roome,jroomer6@devhub.com,Agender,Training,Structural Engineer,979
CUST27-6VJ3,Luca,Woolacott,lwoolacottr7@aol.com,Genderqueer,Research and Development,Nuclear Power Engineer,980
CUST90-4ZT3,Lane,Pigeon,lpigeonr8@imageshack.us,Agender,Human Resources,Data Coordiator,981
CUST32-9DH2,Yevette,Blatchford,yblatchfordr9@woothemes.com,Polygender,Sales,Systems Administrator III,982
CUST76-0VW1,Stanislas,Tellenbrook,stellenbrookra@apache.org,Genderfluid,Marketing,Desktop Support Technician,983
CUST74-4HL7,Cicely,Dragge,cdraggerb@fema.gov,Male,Human Resources,Analog Circuit Design manager,984
CUST37-0WK4,Bobbye,Crellim,bcrellimrc@dot.gov,Polygender,Product Management,Assistant Media Planner,985
CUST27-2KA6,Orville,Destouche,odestoucherd@a8.net,Female,Research and Development,Software Engineer IV,986
CUST97-1GI7,Lon,Peaseman,lpeasemanre@ed.gov,Agender,Engineering,Statistician II,987
CUST39-8IR5,Elspeth,Mertsching,emertschingrf@cnn.com,Non-binary,Accounting,Design Engineer,988
CUST96-9VW4,Ludovika,Pegg,lpeggrg@techcrunch.com,Genderqueer,Engineering,Electrical Engineer,989
CUST37-2BD9,Maxwell,Jeandon,mjeandonrh@nationalgeographic.com,Bigender,Sales,Tax Accountant,990
CUST22-0OA7,Estell,Olyonov,eolyonovri@mlb.com,Non-binary,Training,Chief Design Engineer,991
CUST92-8LN6,Lorne,Kief,lkiefrj@deviantart.com,Female,Human Resources,Structural Analysis Engineer,992
CUST65-7UG6,Henderson,Tebb,htebbrk@un.org,Polygender,Engineering,Analyst Programmer,993
CUST57-5FW1,Randie,Coldrick,rcoldrickrl@feedburner.com,Male,Engineering,Technical Writer,994
CUST60-4YZ3,Jeniffer,Gierek,jgierekrm@nydailynews.com,Male,Services,Graphic Designer,995
CUST90-9UF0,Ulrica,Joannidi,ujoannidirn@uol.com.br,Female,Research and Development,Professor,996
CUST34-2GD4,Tabina,Krahl,tkrahlro@posterous.com,Genderfluid,Human Resources,Geologist III,997
CUST19-8XI1,Dania,Tellwright,dtellwrightrp@theglobeandmail.com,Non-binary,Training,Staff Scientist,998
CUST78-1NX6,Etan,Bracco,ebraccorq@state.gov,Polygender,Legal,Librarian,999
CUST39-5TF6,Abra,Zannolli,azannollirr@zdnet.com,Bigender,Marketing,Project Manager,1000
